division,n_species_models,n_train_trees,n_test_trees,share_curtis_arney,heldout_rmse_ft,heldout_bias_ft,division_name
211,55,334648,86003,0.7636363636363637,9.521077412933975,-0.8496145440798033,Warm Continental
212,51,884301,220182,0.7254901960784313,8.867005179392741,-0.9007826356036847,Warm Continental
221,85,423617,106813,0.8588235294117647,10.514895163296787,-1.2666274227890906,Hot Continental
222,70,278608,69313,0.7285714285714285,10.232030326880174,-1.0104451261243412,Hot Continental
223,80,533925,136803,0.8875,9.793663471536904,-1.031618988499599,Hot Continental
231,105,1584963,400120,0.9142857142857143,10.103250897999182,-1.034161296404072,Subtropical
232,109,1634895,406455,0.8532110091743119,10.18261408926034,-1.2256816432679236,Subtropical
234,59,103385,25963,0.9152542372881356,10.768145756806792,-1.0384956230624904,Subtropical
242,11,22855,4944,1.0,15.028650624355402,-0.5963168399853597,Marine
251,55,103456,25423,0.6909090909090909,9.093693484438354,-0.8598558084937544,Prairie
255,61,89443,22785,0.7377049180327869,7.992131867274612,-0.7339692887927616,Prairie
261,8,4663,1447,0.875,14.541770186488577,-2.6281465479861694,Mediterranean
262,1,105,16,1.0,7.119862214900858,-2.4290249670350312,Mediterranean
263,15,26294,6781,0.9333333333333333,15.566084645558663,-1.5854188254044175,Mediterranean
313,22,148422,36691,0.6818181818181818,5.706772790071124,-0.9838687983586529,Tropical/Subtropical Steppe
315,25,86385,22994,0.8,4.458213587388636,-0.7224176049719374,Tropical/Subtropical Steppe
321,23,27362,6138,0.7391304347826086,4.246597368097347,-0.9350078386837343,Tropical/Subtropical Steppe
322,13,12794,3511,0.6923076923076923,3.858871840217386,-0.9732756747748681,Tropical/Subtropical Desert
331,19,44733,10813,0.7894736842105263,8.513045037159237,-1.4071519402175985,Temperate Steppe
332,20,16165,4168,0.65,7.550919669214268,-0.881412805671499,Temperate Steppe
341,15,83261,22674,0.8,5.264138759109548,-0.9404825814282879,Temperate Desert
342,16,29582,7680,0.8125,8.14239340110517,-1.6793232179338038,Temperate Desert
411,12,12418,3186,0.5833333333333334,10.369243290427635,-2.2730245757922347,Savannah
M211,34,325971,78835,0.7647058823529411,8.577825451076672,-0.82734238292225,Warm Continental
M221,74,541667,136212,0.918918918918919,11.092680800007432,-1.3439430996412056,Hot Continental
M223,44,61687,13106,0.75,8.411391899968873,-1.031770481708923,Hot Continental
M231,37,110322,27475,0.7837837837837838,8.657351118023316,-0.9135387626215582,Subtropical
M242,41,474407,115855,0.8780487804878049,15.999274836158946,-1.7054092713878883,Marine
M261,44,231228,57114,0.9318181818181818,13.579995551242561,-1.247077536269251,Mediterranean
M262,11,5740,1460,0.8181818181818182,8.520495894405746,-0.9775697344128107,Mediterranean
M313,25,133198,34599,0.68,6.6253125121189855,-0.9908444982400524,Tropical/Subtropical Steppe
M331,21,353723,92118,0.6666666666666666,9.386707419430428,-1.4002715144545195,Temperate Desert
M332,19,293331,74199,0.7894736842105263,11.918274775070103,-1.432571641552487,Temperate Desert
M333,21,216110,54286,0.8571428571428571,11.699923506409874,-1.301880681263591,Temperate Desert
M334,6,22265,6086,0.6666666666666666,9.025961299629268,-0.5636017625631738,Temperate Desert
M341,15,112847,27703,0.6666666666666666,5.839539894824579,-0.8249874085534132,Temperate Desert
