division,dclass,n_htcd2,n_ctl,excess_pct
211,1-4.9,521,7368,-2.146195506076687
211,5-9.9,6021,53187,-3.470936071170594
211,10-14.9,1660,18510,-4.982970680559273
211,15-19.9,331,5411,-6.803645696574135
211,20-29.9,105,1469,-11.482567027783697
212,1-4.9,1272,27851,-2.070756287967601
212,5-9.9,12511,142067,-2.4581606958410607
212,10-14.9,2953,37834,-4.967674680043366
212,15-19.9,579,8871,-5.941812304064731
212,20-29.9,184,2165,-8.196200509139262
221,1-4.9,987,12484,-5.113149136944339
221,5-9.9,7002,55062,-4.822050593040772
221,10-14.9,2047,25237,-4.935524178894635
221,15-19.9,525,10067,-4.730285275338875
221,20-29.9,154,3595,-9.333806890030905
222,1-4.9,447,5134,-3.0851512273871395
222,5-9.9,3608,41746,-1.280752638125826
222,10-14.9,1122,15077,-4.471528667445179
222,15-19.9,326,5074,-5.8236178286610985
222,20-29.9,153,2060,-7.453858817685777
223,1-4.9,1560,17666,1.5180317696522394
223,5-9.9,8087,76143,-1.8941556312437213
223,10-14.9,2235,29150,-4.902536074672891
223,15-19.9,565,9887,-6.1086633837694855
223,20-29.9,179,3105,-10.340191323314974
231,1-4.9,5754,93474,0.04746440481373515
231,5-9.9,12344,212979,-2.3884311003950276
231,10-14.9,2640,64482,-4.925774489845624
231,15-19.9,628,19959,-7.260757742470481
231,20-29.9,198,6992,-6.098129952427156
232,1-4.9,5595,87470,0.9192730951143036
232,5-9.9,15722,227165,-2.5819291421729784
232,10-14.9,4012,65012,-5.219266248795873
232,15-19.9,1030,18582,-4.194353155616493
232,20-29.9,336,6202,-7.941946053302196
234,1-4.9,268,4515,3.1559924433322006
234,5-9.9,1119,13300,-0.010500161329873858
234,10-14.9,526,4757,-4.2072797636932275
234,15-19.9,181,2137,-6.112346954689551
242,5-9.9,474,2194,-0.03863520119884445
242,10-14.9,341,1124,1.894160780652876
242,15-19.9,153,531,-0.09911108547479008
242,30+,110,437,-5.46774945251407
251,1-4.9,146,1761,5.071372487392978
251,5-9.9,1857,15110,-0.2975302216174369
251,10-14.9,586,5370,-2.529695077474692
251,15-19.9,214,2172,-3.8153740934577685
255,1-4.9,161,4421,4.843317364928912
255,5-9.9,892,13485,-3.7339466344179617
255,10-14.9,249,3823,-3.214736217322889
263,5-9.9,551,2728,-1.6988731715368188
263,10-14.9,212,1196,-3.8155510939565596
263,20-29.9,296,1014,-3.29399132498297
263,30+,245,607,-2.1502050802353123
313,1-4.9,141,4954,6.333112430134835
313,5-9.9,518,17623,7.035088968124392
313,10-14.9,206,8074,0.8645932765170228
313,15-19.9,124,3477,-2.0128462011333004
315,5-9.9,265,14562,1.3168337053578671
331,5-9.9,394,5613,1.5804832762454923
331,10-14.9,106,2470,0.15700617040066422
332,5-9.9,379,2939,0.9366694524700181
332,10-14.9,167,913,0.6610178110006082
341,5-9.9,205,10316,-0.8345115666145708
341,10-14.9,131,5040,-3.7778555437455563
342,5-9.9,101,3544,-5.319064073839841
411,5-9.9,214,1704,-9.449975504134766
M211,1-4.9,586,8899,-3.7109783736585356
M211,5-9.9,5511,48428,-5.402977405703735
M211,10-14.9,1963,15640,-5.614316752923154
M211,15-19.9,394,4389,-7.052625897692099
M211,20-29.9,128,1313,-6.2412794805307374
M221,1-4.9,1404,18500,-4.675033010764185
M221,5-9.9,7991,69650,-4.403741991009181
M221,10-14.9,2197,30157,-7.0018149930259455
M221,15-19.9,597,12389,-8.031247277836261
M221,20-29.9,218,5038,-12.48808349354238
M223,1-4.9,250,2618,-0.7479201530734558
M223,5-9.9,1042,6876,-1.4522351786175114
M223,10-14.9,330,2708,-3.7838299069153147
M231,1-4.9,471,6217,0.8731859631694094
M231,5-9.9,1398,14951,-2.707458734647472
M231,10-14.9,299,4879,-2.0863626771462807
M242,1-4.9,1303,12579,-3.370956494676214
M242,5-9.9,10047,47095,-1.4828654908572214
M242,10-14.9,5103,22093,-2.1044100493005646
M242,15-19.9,2477,10241,-3.247666903252755
M242,20-29.9,3105,9891,-4.791413395529154
M242,30+,9138,13431,-4.936278792806659
M261,1-4.9,401,6246,0.3551295647427066
M261,5-9.9,4076,21945,0.4715463050531721
M261,10-14.9,1757,9855,-1.3551656237368315
M261,15-19.9,794,4629,-1.9784778531766856
M261,20-29.9,1947,7980,-4.114511635208762
M261,30+,2727,6484,-3.640732248046752
M313,5-9.9,367,18883,0.3470239468821523
M313,10-14.9,105,6934,-0.4985021116241328
M331,1-4.9,305,15167,-4.395693523995925
M331,5-9.9,1858,51230,-0.3908615507501545
M331,10-14.9,564,17610,-1.9659047059981893
M331,15-19.9,168,4983,-2.572278421734109
M331,20-29.9,127,1753,-3.2232368004913803
M332,1-4.9,369,11403,-4.439669512423805
M332,5-9.9,2391,35889,-3.3582124833625993
M332,10-14.9,875,14111,-1.3795776201663612
M332,15-19.9,327,5491,-2.291839978060084
M332,20-29.9,624,5319,-2.2762809456680633
M332,30+,423,1797,-0.10412623991182812
M333,1-4.9,295,9515,-4.765026107163317
M333,5-9.9,2569,26930,-1.5880123579905647
M333,10-14.9,881,10702,-3.5537905881420806
M333,15-19.9,268,3981,-2.1269379461922533
M333,20-29.9,297,2467,-3.022985828900182
M333,30+,112,419,-8.394572951105472
M334,5-9.9,238,3640,4.287497309514254
M341,5-9.9,313,13700,4.939187792580624
M341,10-14.9,111,5945,0.6608645006003
