dbh_group,set,decile,n,stump_or_height_ft,mean_ddiff_ft,lo,hi
1-9.9 in,control,1,168073,15.0,-3.795789280424934,-3.8911052731130766,-3.7061244813709777
1-9.9 in,control,2,165439,29.0,-7.093597226670883,-7.176594616889806,-7.016287432942273
1-9.9 in,control,3,167011,35.0,-4.924525611668478,-4.978983667870668,-4.870311866412286
1-9.9 in,control,4,165617,40.0,-3.3070992273950814,-3.3592756087732893,-3.2588359651174974
1-9.9 in,control,5,146774,43.0,-1.4785543707655442,-1.5227600125917207,-1.4300640311924062
1-9.9 in,control,6,194371,46.0,0.40288193548228135,0.3678536709419392,0.4382881941370682
1-9.9 in,control,7,149383,50.0,2.5666532389071754,2.5242944960491043,2.609012393358617
1-9.9 in,control,8,171484,53.0,4.614921192505226,4.573003848561484,4.654134471007966
1-9.9 in,control,9,170422,57.0,7.771961887115738,7.7225564602218055,7.813063466645311
1-9.9 in,control,10,160428,64.0,14.13972166989477,14.049233608672495,14.219517299253377
1-9.9 in,htcd2,1,12546,10.0,-4.134889846151883,-4.304106200470652,-3.9489553304267275
1-9.9 in,htcd2,2,13766,16.0,-4.786979156426551,-4.939532482111689,-4.628439339183645
1-9.9 in,htcd2,3,13892,20.0,-4.046611872529785,-4.186867704233183,-3.900008628356326
1-9.9 in,htcd2,4,13708,25.0,-3.590024819422977,-3.7522248648215175,-3.462060434635134
1-9.9 in,htcd2,5,12765,28.0,-2.5756759614027507,-2.7263699740301615,-2.4507545391893517
1-9.9 in,htcd2,6,13365,32.0,-1.2646982268395388,-1.3930580702549824,-1.1235633509023857
1-9.9 in,htcd2,7,13910,36.0,0.21187550038185335,0.08577016493930971,0.34273956918067244
1-9.9 in,htcd2,8,13052,40.0,2.079560543406632,1.9558095015306258,2.191345492604884
1-9.9 in,htcd2,9,12597,44.0,4.806272463801611,4.694709191863663,4.930211692113697
1-9.9 in,htcd2,10,13664,54.0,11.456856998813839,11.296948450045786,11.610037518321484
10-19.9 in,control,1,58278,20.0,-4.377490294267342,-4.561270860295468,-4.22078023876463
10-19.9 in,control,2,57709,47.0,-11.128572610698413,-11.267118083110905,-10.969803491058517
10-19.9 in,control,3,56748,56.0,-7.235526230316269,-7.334867446263091,-7.127237013032957
10-19.9 in,control,4,62360,61.0,-4.114684766298476,-4.200780433985972,-4.030484383148717
10-19.9 in,control,5,58448,66.0,-1.149843514509975,-1.245040340368771,-1.0725998898896927
10-19.9 in,control,6,59395,70.0,1.7211518262505556,1.6492671500377822,1.7868973844428329
10-19.9 in,control,7,57447,74.0,4.699506734336446,4.625464871394867,4.772454366235447
10-19.9 in,control,8,56483,79.0,7.970283667951965,7.893565583676609,8.034459941146203
10-19.9 in,control,9,58853,84.0,12.169198677057855,12.103492478888969,12.239749789787037
10-19.9 in,control,10,59875,95.0,21.09522932395872,20.958579067317302,21.21063876819332
10-19.9 in,htcd2,1,4322,15.0,-5.096465876071951,-5.487353979169006,-4.668819733490432
10-19.9 in,htcd2,2,4326,25.0,-6.967621325479309,-7.340384155129334,-6.569916746987538
10-19.9 in,htcd2,3,4566,32.0,-6.702227065214786,-7.076724977501397,-6.335134734216425
10-19.9 in,htcd2,4,4640,37.5,-5.812892400813263,-6.182066233206143,-5.435272229820036
10-19.9 in,htcd2,5,4135,44.0,-4.413538073238269,-4.775651414300697,-4.097342877362253
10-19.9 in,htcd2,6,4602,47.0,-2.794298596083042,-3.075459230612072,-2.4464859679829356
10-19.9 in,htcd2,7,4391,53.0,-0.08767965331269557,-0.3905801988155065,0.23441479372938762
10-19.9 in,htcd2,8,4258,59.0,2.396995552730122,2.1291257092970306,2.688199270424991
10-19.9 in,htcd2,9,4481,66.0,6.723530413520201,6.424294881126667,7.009350886328276
10-19.9 in,htcd2,10,4427,80.0,17.277920777085228,16.932701973233737,17.682167092278803
20+ in,control,1,9840,26.5,-9.688115083320639,-10.334065711826872,-9.04121625795193
20+ in,control,2,10072,67.0,-18.4134577242465,-18.869912421736384,-18.03361133114609
20+ in,control,3,9819,78.0,-12.754119455546501,-13.11039165275092,-12.393798742396688
20+ in,control,4,9507,87.0,-8.20858456422487,-8.543944838194939,-7.8709133628534005
20+ in,control,5,10351,93.0,-3.6161843539306955,-3.9258189431776906,-3.306443547166892
20+ in,control,6,9857,99.0,0.3196195737745489,0.006422846827218819,0.630529174583205
20+ in,control,7,9655,105.0,4.317157820941525,4.021158541232268,4.6437884653673
20+ in,control,8,9706,110.0,8.732199494636918,8.418202249016444,9.031601720006064
20+ in,control,9,9872,120.0,14.840034983614002,14.50018859202249,15.18531153688178
20+ in,control,10,9989,140.0,28.152544440761705,27.404603213366343,28.877645508986735
20+ in,htcd2,1,2186,31.0,-17.175936001531042,-18.25747775965531,-16.14791180412281
20+ in,htcd2,2,2172,62.0,-19.149104379259583,-20.09886334940482,-18.184405781966678
20+ in,htcd2,3,2225,76.0,-17.004129829398828,-17.888505098435523,-16.038483473087375
20+ in,htcd2,4,2181,88.0,-14.250416719359599,-15.146254461206627,-13.413935821901143
20+ in,htcd2,5,2193,96.0,-9.296563703377203,-10.03126662798321,-8.451628039789734
20+ in,htcd2,6,2207,104.0,-6.830679098092538,-7.531374508969538,-6.142561699354132
20+ in,htcd2,7,2153,112.0,-2.4683978810055818,-3.106068942178475,-1.7141775355184872
20+ in,htcd2,8,2239,120.0,3.1317774534861758,2.4446346871758724,3.8540979385506824
20+ in,htcd2,9,2208,135.0,10.743726256922914,10.041957291566224,11.43764593759045
20+ in,htcd2,10,2173,158.0,26.844542011888205,25.988986201693958,27.66880426303723
