dbh_group,decile,n,stump_ft,crew_error_ft,crew_lo,crew_hi,model_error_ft,model_lo,model_hi
1-9.9 in,1,3970,12.0,-0.8695239183172164,-1.1744956903026522,-0.5967984816086224,2.8375514115130156,2.492271137642371,3.13758464829045
1-9.9 in,2,3497,20.0,-0.8747600288112893,-1.197917490571749,-0.5380568363444173,3.5842351490530917,3.183349367128601,3.9408637420946517
1-9.9 in,3,3885,24.0,-0.5093190733516707,-0.7486545442094364,-0.22072127786739693,3.1076323956358096,2.7853475241849925,3.449962123221418
1-9.9 in,4,4024,28.0,-0.8510125763496889,-1.0993061149590568,-0.6044993011321785,2.104853166042228,1.8438735299331142,2.3917969655129925
1-9.9 in,5,4082,32.0,-0.7504335858482867,-1.0092353925666329,-0.5484266403396617,0.8910229165899071,0.5977675574601296,1.1664028573984317
1-9.9 in,6,3695,35.0,-0.7969546978744567,-1.0387987967178434,-0.5313746914848987,-0.44982166885080943,-0.7057294355114103,-0.2031639107165284
1-9.9 in,7,3736,39.0,-1.1014132075489358,-1.3299042665942373,-0.8608948597974885,-2.350405122600333,-2.6320941347398152,-2.0643687119046166
1-9.9 in,8,3944,43.0,-1.089241659811345,-1.346111773354626,-0.87077421026418,-4.468151389343662,-4.7435770002042394,-4.176893480864813
1-9.9 in,9,4035,48.0,-1.0411569483879537,-1.2629348798445623,-0.8033945505355673,-7.520237359451134,-7.769789214141537,-7.225613018521086
1-9.9 in,10,3761,58.0,-1.1459680005966073,-1.404837546911946,-0.9103489909653822,-14.827697032420502,-15.175736608834326,-14.488717850131192
10-19.9 in,1,1313,16.0,0.18235252710258038,-0.5593828221586882,0.7984287129899067,3.969736598892109,3.1317607594734507,4.764706133723399
10-19.9 in,2,1360,28.0,0.15018793739795788,-0.4244694603313791,0.7683520831334731,6.565809372216997,5.789443273423046,7.440434349571809
10-19.9 in,3,1261,35.0,0.045797499961691426,-0.5276685250639446,0.6588558548824572,6.699089221019221,5.858594945667568,7.514493006800865
10-19.9 in,4,1444,41.0,0.013353748084910095,-0.5286948229795836,0.5427659333904447,5.1062699934929,4.358198959597037,5.784805052234865
10-19.9 in,5,1307,46.0,-0.3499011991821592,-0.8837945082581501,0.1589457387873033,3.45529207286905,2.80720292183943,4.166234219736275
10-19.9 in,6,1260,52.0,-0.2545878347429969,-0.7411313680323789,0.24668068461882564,2.2684093935637475,1.5357171432982595,3.0651149234295687
10-19.9 in,7,1403,55.0,-0.9299441011043788,-1.4269873739208658,-0.4609705715324391,-1.3611863326401565,-2.026217934638366,-0.7644394377996657
10-19.9 in,8,1235,62.0,-0.5106787544364465,-1.0782076842206834,0.03784944043555852,-3.357379103896364,-4.04548848682029,-2.686790268933618
10-19.9 in,9,1419,69.0,-0.36298975847615433,-0.8741556486347184,0.17551519001633992,-7.479707833648362,-8.160566725237933,-6.8057620082538355
10-19.9 in,10,1323,83.0,-0.8054785502978465,-1.3058405381610312,-0.2983772509547873,-18.504378093182076,-19.31892570622757,-17.658104249694052
20+ in,1,395,28.0,5.113471436157866,3.581272530222146,7.004411870377155,20.479894244374076,17.35976533950915,23.417561451722147
20+ in,2,395,55.0,4.461804475948342,3.1469183715784887,5.9229100641089945,24.562206413665553,22.029452051464602,27.371471577524304
20+ in,3,404,72.0,4.438756646040518,3.271906346563282,5.609220946644082,20.890572395960746,18.65778971898843,23.13974885693728
20+ in,4,409,85.0,4.213082309535418,3.236456573297271,5.583727346032921,15.3919831115601,13.45182468881775,17.186007237986836
20+ in,5,401,94.0,2.949785774207658,2.0900352576278984,3.9305264990449,11.658430963699338,9.743564240704767,13.409152801729599
20+ in,6,394,102.0,3.0233521084688695,1.9981030616086088,4.180561649839855,7.901322863616453,6.215070148959232,9.62462289882556
20+ in,7,408,111.0,3.39914752283291,2.642431568294798,4.4349540742651765,3.5793088067046064,1.7248547323661039,5.337902993047393
20+ in,8,399,118.0,3.3622130738706,2.3279093760914007,4.509258784773883,-1.6152205793943775,-3.4236778001631247,0.03715782380308179
20+ in,9,400,130.5,3.4623899225730663,2.403903997996679,4.602948772446494,-10.435531330775838,-12.144483281524934,-8.59443493894824
20+ in,10,411,160.0,2.8126173929012026,1.7893630995073524,3.9175206240001477,-26.772846083904835,-29.8649079103228,-24.06634077514078
