s_hat_bin,n,crew_error_ft,crew_lo,crew_hi,model_error_ft,crew_error_pct,model_error_pct,mean_true_missing_ft,mean_crew_missing_ft
"(0.0, 0.5]",9890,-0.6216479705524789,-0.8645895462433213,-0.3614644382829318,5.296501563646143,4.5447722920969245,23.168787895707286,27.73873593819666,27.117087967644085
"(0.5, 0.6]",5959,-0.1591063882889515,-0.39329572048645706,0.09409753583014784,5.955506806048662,2.8435537855113555,19.002110364854257,17.15222603923717,16.993119650948145
"(0.6, 0.7]",7609,-0.2703366010636677,-0.4733743982297414,-0.07335130789624399,4.513174969861989,1.8026213740087482,13.018095210864733,13.817583282625016,13.547246681561308
"(0.7, 0.8]",8281,-0.44752715066471555,-0.6347735947824852,-0.268928084746737,2.113145761357691,0.7785952001203298,5.73536820095703,11.610913215149688,11.163386064484966
"(0.8, 0.9]",7866,-0.44792413268209863,-0.6293601028082013,-0.2797190081600975,-1.2253492055649065,0.6434119862047829,-1.1139337801291063,9.831600715443367,9.38367658276125
"(0.9, 1.0]",6543,-0.41454077312514415,-0.6299366141125122,-0.1960532373729307,-5.428579079523085,0.218656707299894,-8.200864214736423,8.5059361575054,8.091395384380254
"(1.0, 1.1]",4590,-0.38285206536854505,-0.6355800502232256,-0.1831772470838494,-9.789042273867498,0.3713039697640868,-14.381775474346224,7.131218078440432,6.748366013071895
"(1.1, 1.3]",4092,-0.5069143992983454,-0.7357866439148244,-0.24119829659713124,-16.12192169440636,0.3356460954872156,-22.434143540534258,6.450707165671758,5.943792766373411
"(1.3, 10.0]",1140,-0.6571597337773575,-1.1178332422884627,-0.13793952535326018,-24.306189567401013,0.9733159740848637,-33.99814169012449,5.4308439443036685,4.773684210526316
