percentile_bin,control_mean_lr,htcd2_mean_lr,htcd2_lo,htcd2_hi,control_lo,control_hi,excess_lr,n_htcd2
0-10,-0.13467750057180353,-0.14409636023693806,-0.14891302557087213,-0.1393843504689288,-0.13850543996098028,-0.13052193023444447,-0.009418859665134532,19054
10-20,-0.20241678738852523,-0.15002705156239332,-0.15402687719622568,-0.14623543349417278,-0.2045036042071411,-0.2002832652942186,0.052389735826131906,20264
20-30,-0.1257367166184424,-0.12299068451438938,-0.12591959270712466,-0.12017074826155281,-0.12707122762631523,-0.12433100628892106,0.0027460321040530256,20683
30-40,-0.07089755334307637,-0.10142325858599295,-0.1043102359701966,-0.09852023511151059,-0.07196628620063039,-0.06990852195420985,-0.030525705242916576,20529
40-50,-0.025217242399480387,-0.06913417452185038,-0.07182915930100407,-0.0661980104668108,-0.026123286143472587,-0.024283775806082947,-0.04391693212236999,19093
50-60,0.01848381039313852,-0.03695562797526016,-0.03953656964416929,-0.034373048056348346,0.01769098754039657,0.019273589380233463,-0.05543943836839868,20174
60-70,0.062461899916733045,0.0026406292415333886,0.0003408106615281287,0.0049269792216191195,0.06169210352840412,0.06314221087700868,-0.059821270675199656,20454
70-80,0.10485585780913634,0.043206569055783926,0.04093704372081299,0.04517627125260529,0.10416138753251453,0.10559014087343882,-0.06164928875335241,19549
80-90,0.15994336660154498,0.09740749971226532,0.09554457788839907,0.09924265707223019,0.15918167144401862,0.16066647446758547,-0.06253586688927966,19286
90-100,0.25816491423176813,0.20983765408695526,0.20779990245839342,0.21194347498760513,0.257156180289112,0.25920246167233546,-0.04832726014481287,20264
