by,group,n_htcd2,n_ctl,htcd2_mean_lr,ctl_mean_lr,htcd2_sd_lr,ctl_sd_lr
region,AK/CA/OR/WA,52195,230285,-0.028138396343335974,0.0016729233320888284,0.24446510693986423,0.23721216386826616
region,other states,147155,2112981,-0.027040363895684334,0.004720577787821278,0.21242245213031535,0.21372787619293357
era,2005-09,35755,440247,-0.03720571881203694,-0.007720343979869079,0.22127273214221682,0.21727777214800878
era,2010-14,46757,446605,-0.029104716361967337,0.0007656295206300384,0.2206011024521869,0.21230940246365754
era,2015-19,44969,434220,-0.024715710961119235,0.014624077902664083,0.22046823470563529,0.21112949377972015
era,2020+,52132,458980,-0.014109848211837032,0.028314463072103547,0.22272053438175549,0.20399420743708793
era,<=2004,19737,563214,-0.04608872847742328,-0.010527392322396063,0.21844886549679443,0.22927341236780727
state,1,7394,122003,0.03214203517123992,0.01504391476057383,0.21432038790837488,0.20272081840181255
state,4,1113,44583,0.10700616756293421,0.052527811536571344,0.29448100266294447,0.2701159152025415
state,5,7476,98255,-0.028154269930385216,-0.020095373164945904,0.19803468727471,0.20182305803927328
state,6,10611,52392,-0.03407562500322301,-0.006328815402229786,0.25706579621321934,0.2480797679043096
state,8,2292,51296,0.02543577154282564,0.022287232564995037,0.23882011855528726,0.24101860924798155
state,9,470,3800,-0.09997214692340878,-0.03334312820863894,0.18592168355433258,0.182203824980773
state,10,288,1897,-0.05972287122491796,-0.016812702955505694,0.1922920262297765,0.18116962097168743
state,12,2896,62053,-0.07128256132211944,0.006029787402475376,0.24689811398472608,0.24998773440391658
state,13,10315,157108,0.015448045378165638,0.004456839919031868,0.20525340728250024,0.22608221322815994
state,16,2282,44132,-0.030576402417845948,0.008539006370937893,0.2633993695369445,0.24960577383965263
state,17,1642,12872,0.04948375101670274,0.027140637995019742,0.17385471025625765,0.18776415142805272
state,18,835,18360,-0.007160106747354135,0.047198902504394645,0.20308533342640372,0.19884182294118588
state,19,877,7060,-0.029811162732506183,-0.005792391638646909,0.17417611637773847,0.17472659516624928
state,20,627,5501,-0.028017175767684078,-0.06038340257052733,0.18476862757459533,0.2160360280430419
state,21,5143,49826,-0.02733357741792595,0.019156308927812764,0.21013775839345306,0.19259958642607997
state,22,3541,47724,-0.04469786914932099,0.008380133862147062,0.240937242841603,0.20795287135373805
state,23,5507,76294,-0.06460818754087137,-0.016513496358804704,0.18015729333994454,0.18380348308640107
state,24,747,5461,-0.037147844876866176,-0.01654679992065824,0.21091928381958988,0.20911293711228007
state,25,1295,7913,-0.10589254942159392,-0.04009896678724891,0.20879130067893764,0.18489553801378839
state,26,5511,84332,-0.02155467632773353,0.010843170419594782,0.19298120972996866,0.19592907792014005
state,27,5975,83718,-0.052165332152119354,-0.022550513695115175,0.1807890811938922,0.18392101154782983
state,28,3702,85266,-0.019694403984100637,0.02513216872047775,0.21557803008330098,0.2171955060228681
state,29,5352,57056,-0.0480669211235433,-0.030444791651445334,0.18303380900613764,0.17964738907877062
state,30,1955,62112,-0.03433174033257646,-0.004531304852647976,0.2644197514418371,0.2438934359965632
state,31,376,3185,-0.042805084519576445,-0.016312689465212634,0.22165289608843317,0.23056244689485264
state,32,204,19800,-0.048873614926454215,-0.00932673397965359,0.28626105393296436,0.2796484847322431
state,33,2436,20772,-0.08098506106063935,-0.010913452783129362,0.17686201322890757,0.1907842917949615
state,34,1236,7269,-0.05691407616389572,-0.027391965805606742,0.19545606979022082,0.2021390320403499
state,35,589,39264,-0.00817398592308988,0.011247246012010452,0.29062445258835473,0.26432171026560664
state,36,6481,50518,-0.04103608490759322,0.008811590373501767,0.19790047343682957,0.19265865382391886
state,37,5686,106279,-0.044406078397417094,0.0009651852992058898,0.20344569118783037,0.2018672329900648
state,38,326,1549,0.04214076532235211,0.05336140053182704,0.2121924741640227,0.23462348959102539
state,39,1940,18128,-0.013673271859912852,0.01199341889431045,0.1885595477039826,0.1863655906959721
state,40,2442,25693,-0.11098996294582698,-0.06897200069925523,0.23694092592545893,0.21059681171205888
state,41,24041,110379,-0.010254497042491699,0.005787443540731649,0.23420472727571673,0.22938870902089833
state,42,5645,43179,-0.041792268831700424,-0.0007471902564912244,0.2044068249892282,0.20081687076330476
state,45,6831,90104,-0.014347957732455894,0.014056183051800095,0.22526639928858413,0.20530479839244167
state,46,325,5693,-0.025631258026670736,-0.01270273007651871,0.23659853604826928,0.2414023983866792
state,47,6861,82389,0.029070789747198785,0.042107071717667845,0.20902724061815678,0.1921518980654253
state,48,3996,91987,-0.059650778539072066,-0.008571154623784095,0.23078673035086622,0.2328404974782877
state,49,990,38585,0.0054805950324166896,0.020400885565679417,0.262959452716983,0.2802420934090064
state,50,1499,15058,-0.07870533024824598,0.010812200583093363,0.18570194685326843,0.19166333922400416
state,51,7197,102767,-0.06109612391668127,0.00900386812744005,0.2363741169003462,0.2011037631326791
state,53,17543,67514,-0.0490553939937684,0.0011555561143063665,0.24855802682823308,0.24097535768529132
state,54,3699,32286,-0.030043814713284454,-0.0009226716857111241,0.18990576563890904,0.1922740864838102
state,55,10366,105235,-0.01965927186186393,0.011746837794924556,0.1806136678632937,0.17795052753504093
state,56,610,23129,-0.008275244754654831,-0.0005678624612770334,0.2652889115346201,0.2565328463726614
tier,genus,547,4999,-0.16915860746768868,-0.12204997453012341,0.3765086901457339,0.4170653231055974
tier,species,1037,6442,-0.09184550909166367,-0.06434065238050662,0.25838592470170074,0.2887741145559568
tier,species_division,197749,2331736,-0.026575219066194658,0.004888209744109112,0.2202755679928095,0.2151678449363061
