subset,n,crew_bias,model_bias,crew_rmse,model_rmse,crew_closer,crew_rmse_nogrowth,model_rmse_nogrowth
"HTCD 2, all pairs",88727,-0.03558351934182936,-0.0293394160803682,0.16172883733993923,0.25763272149718425,0.7011619912766125,0.16413756476993008,0.2590918330095805
"HTCD 2, HT != previous HT",55970,-0.0028432630653669796,0.002679927079811417,0.18897963198104975,0.2629669843168321,0.6812935501161337,0.2066608593921702,0.27550870188405635
"HTCD 2, HT == previous HT (copied)",32757,-0.09152491030539743,-0.08404902430686184,0.09912909162862052,0.24825328279096037,0.7351100528131391,0.0,0.2283259386364609
"HTCD 2, HT != previous and not a multiple of 5 ft",30876,-0.01277460628600366,-0.007949894141857292,0.18083189129804586,0.2601224439044783,0.691443192123332,0.19633209017845085,0.27085571753603094
"control HTCD 1 intact (measured now and before), HT != previous",967579,0.03057439831711597,-0.004010035983449317,0.17019676413912374,0.24057502320375682,0.6781317081085886,0.2047746180747546,0.2540241784351024
"HTCD 2, HT != previous, era <=2004",1211,0.061715930953367616,0.08067015033826991,0.20642315882300918,0.2711210224394313,0.5953757225433526,0.21959826882235794,0.2841599138996164
"HTCD 2, HT != previous, era 2005-09",8643,-0.005131851632935846,0.010163173838579554,0.20646332884197788,0.25234826282493344,0.6292953835473794,0.21735185976061844,0.2648678990379754
"HTCD 2, HT != previous, era 2010-14",17272,-0.0028930572824053856,0.010664960176672296,0.20341699251410295,0.2678413247006821,0.6573645206113942,0.2191438245467329,0.28149047762427887
"HTCD 2, HT != previous, era 2015-19",15690,-0.005081856100339647,-0.0006140439510499775,0.18792157655227124,0.26830217720902283,0.6938177182919056,0.20721138658208596,0.28179707381970515
"HTCD 2, HT != previous, era 2020+",13154,-0.004547485547637115,-0.015972874218409042,0.15353328622587908,0.2560623459960858,0.7398509958947849,0.1788054082633499,0.265861460810803
"HTCD 2, HT != previous, DBH 1-4.9",6914,-0.03633808828374404,-0.05542638530842898,0.23360325373262977,0.2866198339054732,0.6378362742262077,0.24982463350598638,0.2922963967872182
"HTCD 2, HT != previous, DBH 5-9.9",31715,-0.00553364983577462,-0.003953881787449357,0.19097806025248074,0.26175833632282286,0.6691786221031057,0.20899601681384755,0.2744405815405808
"HTCD 2, HT != previous, DBH 10-14.9",10316,0.005360962433662323,0.019826586273246162,0.17259383061932695,0.25513716473046144,0.6972663823187282,0.1925638443825438,0.27172539970720166
"HTCD 2, HT != previous, DBH 15-19.9",3009,0.01913944724731267,0.040640625989326294,0.17111006299973294,0.25170296782076956,0.7178464606181456,0.18651959429115875,0.2651727239177263
"HTCD 2, HT != previous, DBH 20-29.9",1937,0.028415670124362337,0.07341444504545555,0.13793610027135889,0.26543413735739946,0.766133195663397,0.15461770553052354,0.28057973808159226
"HTCD 2, HT != previous, DBH 30+",2079,0.04794053626892466,0.09119212117303593,0.12520496466125203,0.2507999044518814,0.7994227994227994,0.1388516117414765,0.26248743643154204
