division,ctl_mean_lr,htcd2_mean_lr,excess_lr,excess_lr_lo,excess_lr_hi,ctl_mean_ft,htcd2_mean_ft,excess_ft,excess_ft_lo,excess_ft_hi,n_ctl,n_htcd2,ctl_sd_lr,htcd2_sd_lr,ctl_rmse_ft,htcd2_rmse_ft,excess_pct,excess_pct_lo,excess_pct_hi,ctl_bias_pct,htcd2_bias_pct,significant,share_model_below_actualht,mean_break_ft,share_speciesdivision_tier,n_anchor,crew_vs_earlier_pct,model_vs_earlier_pct,crew_rmse,model_rmse,copied_share,n_pairs_all,division_name,domain
211,-0.00011698401198448341,-0.04103904772251886,-0.040922063710534376,-0.04757055662178055,-0.03440707160226576,0.846610712195534,-1.273914652975206,-2.1205253651707396,-2.461610607379952,-1.799427162881884,86041,8644,0.19034234716720935,0.19806148398226195,9.521275060342608,9.52416004364019,-4.009606161618384,-4.645680802725893,-3.3821879100484065,-0.011697716962177918,-4.020834846200472,True,0.10122628412771865,13.56027302174919,0.9950254511800093,2416,-1.4135113965036084,1.0884609990987837,0.17204926945530247,0.23780655563516584,0.1927831607083194,2993,Warm Continental,Humid Temperate
212,0.0022707556481584186,-0.02871697072250736,-0.03098772637066578,-0.03528662509286956,-0.026113760863874083,0.9154599570975346,-0.833504754778585,-1.7489647118761196,-1.9732257400653435,-1.551499587952315,218879,17510,0.18343594020385093,0.18193336773990978,8.868223367508385,8.802745877461627,-3.0512527867119332,-3.4671310824186397,-2.5775745288291074,0.22733357663349274,-2.8308557321706007,True,0.1338663620788121,12.707709880068533,0.9994288977727013,4066,0.2261790966198829,2.4780044666999013,0.17474666066247185,0.2401228618278856,0.2357142857142857,5320,Warm Continental,Humid Temperate
221,0.006189494004549126,-0.04570713461252948,-0.05189662861707861,-0.0575433593955499,-0.046246901292615744,1.2906721762706408,-1.473326645119008,-2.7639988213896487,-3.0502483653084917,-2.491027421852904,106717,10736,0.1913025825951967,0.20458653232081403,10.51363418277819,10.36741442867584,-5.057299464702836,-5.591904528059111,-4.51938097968505,0.6208688503543058,-4.467829811394008,True,0.09258569299552906,17.216467958271238,0.9929210134128167,3035,-1.6344420209857713,0.6132093440446296,0.19079460381639038,0.2405679590461833,0.3966202783300199,5030,Hot Continental,Humid Temperate
222,0.0009216506877600031,-0.024964460542147612,-0.025886111229907617,-0.033143155347799554,-0.018581901099399757,1.0125164667208166,-0.6953839157222632,-1.7079003824430798,-2.096437808383366,-1.3569757664215252,69320,5672,0.19618042976043656,0.1929007562272996,10.22883634006273,9.489416223160394,-2.5553938247116714,-3.2599938816345264,-1.8410321974236865,0.09220755382663981,-2.4655425370214368,True,0.11865303244005641,16.29354724964739,0.9933004231311706,1731,-0.6303167793411335,-0.9794810509989094,0.18552905717597915,0.2414581923679773,0.18387553041018387,2121,Hot Continental,Humid Temperate
223,0.0032423394417841842,-0.020792898096386257,-0.02403523753817044,-0.0289962934529986,-0.018968746869048782,1.0459236400076317,-0.493817425409163,-1.5397410654167947,-1.7958164861719241,-1.2889566184146006,136168,12636,0.18925738865941463,0.19768605101017858,9.791173977161614,9.470535689656279,-2.374869154094139,-2.85799349259388,-1.8789972350906736,0.32476015099121014,-2.057821631753609,True,0.10018993352326686,15.864355808800253,0.9965970243748021,4519,-0.39329605920574995,0.46530553285677456,0.17867690833985847,0.24037661394329665,0.3975469937341688,7501,Hot Continental,Humid Temperate
231,0.001443635294862991,-0.021842507452418787,-0.023286142747281777,-0.028060587196713668,-0.018997244853592228,1.0533890336227236,-0.39308316809760163,-1.4464722017203253,-1.6605035289082886,-1.229636669210325,398425,21583,0.20839658351089296,0.21945976668737868,10.105049710898358,9.850111579033088,-2.3017112794472494,-2.767054569932492,-1.8817934460674701,0.14446778379189062,-2.1605687269300677,True,0.11814854283463837,14.61469675207339,0.9974053653338275,8185,-1.4343686980730852,-1.6560506158514454,0.2071514938134895,0.256145522975947,0.3780395136778115,13160,Subtropical,Humid Temperate
232,0.004495657059928239,-0.01979826849577818,-0.02429392555570642,-0.028791698798628734,-0.01929091517813763,1.249545677857352,-0.25945495327447604,-1.509000631131828,-1.7138388646883276,-1.2789397215549774,404999,26729,0.22049379094483923,0.22273970148964248,10.185271178135254,10.368104239941626,-2.4001203394240056,-2.8381167240767446,-1.9106036210762012,0.45057776867341026,-1.9603569794214626,True,0.11463204758876128,16.272625238504993,0.9954730816715927,10045,-0.9203490412589943,-1.499860330263092,0.21737820365360294,0.268634954637549,0.3842711781292142,16314,Subtropical,Humid Temperate
234,-0.0028494374965537363,-0.01746319583804361,-0.014613758341489876,-0.02892593060327114,0.00037525288301093517,1.039218630739592,-0.2531045960489272,-1.2923232267885192,-2.056244017921174,-0.5377380173297369,26162,2201,0.21208724219197228,0.2215825050414827,10.74619158540228,11.163209550069517,-1.4507495637316126,-2.8511580637104683,0.03753232991816624,-0.2845381702688665,-1.7311597977366477,False,0.0813266696955929,20.308496138119036,0.9791004089050431,913,-1.6694759913630342,-3.149976639196317,0.21539594333086975,0.26155448715008195,0.294435857805255,1294,Subtropical,Humid Temperate
242,-0.017424160735796036,-0.018391215522055856,-0.0009670547862598196,-0.02829309217380582,0.024589507503905917,0.6742760265098807,0.7324417458034767,0.05816571929359593,-1.8949275937517187,2.091047955302721,5186,1183,0.22085849544247954,0.2392548654745873,14.941606915527437,16.958212010026052,-0.09665873394744118,-2.789659085749263,2.489432273439829,-1.7273237886425874,-1.8223129132847404,False,0.18850380388841928,18.11242603550296,0.9442096365173288,266,1.839297670661888,0.9756275273855142,0.15157583063467203,0.2848631107773062,0.35279805352798055,411,Marine,Humid Temperate
251,-0.001055414117409094,-0.009441791185153078,-0.008386377067743984,-0.018281744058037674,0.0013145434316039245,0.8129796873189972,0.021690006246190167,-0.791289681072807,-1.1971532041792639,-0.31559383643900313,25541,2897,0.19462153999933973,0.18705507194697243,9.113190412550612,8.47473944344724,-0.835130950598606,-1.811564669843202,0.13154078225390275,-0.10548573638152758,-0.9397357429471342,False,0.10251984811874353,16.225060407317915,0.9806696582671729,1057,-1.5762063050844044,-2.8403663369696908,0.21350197057708506,0.2530359246835533,0.17421875,1280,Prairie,Humid Temperate
255,-0.0033799773595899986,-0.02918193250325969,-0.025801955143669692,-0.04431992042735407,-0.008139339396669443,0.6138038662137623,-0.6770953050616532,-1.2908991712754154,-2.056917522087846,-0.5633954195173505,23185,1407,0.2216013208427924,0.22461791490513258,8.05662957756087,8.824233812821246,-2.5471929229579082,-4.335214267952969,-0.8106304661495201,-0.33742716662960026,-2.876025168678975,True,0.08315565031982942,13.464108031272211,0.9786780383795309,328,-0.9976831802609332,-3.296641712244408,0.2128244606418909,0.2924181373386803,0.42757417102966844,573,Prairie,Humid Temperate
261,0.01994633421580617,-0.025255728249538336,-0.04520206246534451,-0.08982616237920185,0.002537756293207766,2.3865370530579124,-3.314688742415301,-5.7012257954732135,-8.568962853072634,-2.7778697863677935,1559,255,0.2434959144378432,0.25057692623780137,14.990437894771395,18.24872064173968,-4.419566985993162,-8.590992529587071,0.2540979122384712,2.0146591590879614,-2.493947037980526,False,0.10196078431372549,23.27843137254902,0.9686274509803922,41,0.9829027082865816,10.238593655157002,0.13775888834443392,0.23756820841315687,0.4675324675324675,77,Mediterranean,Humid Temperate
262,0.01206169595750821,-0.06340189234098446,-0.07546358829849267,-0.24507024302147673,0.07477376379697401,3.913727343779258,2.0147215484157015,-1.8990057953635566,-12.284927836148118,8.330237826684847,49,14,0.2139612977735872,0.2710133205792721,13.51485242648911,16.1963130501969,-7.2686505018532355,-21.735043935890253,7.764032204952831,1.2134731561217915,-6.143380468383741,False,0.07142857142857142,21.428571428571427,0.14285714285714285,3,2.270872902922627,0.8907263011372679,0.11425221368551791,0.15110746738535222,0.5,6,Mediterranean,Humid Temperate
263,-0.002805444306794528,-0.03507017679312749,-0.032264732486332964,-0.055019365608786536,-0.006504661575979853,1.6239523607238489,-0.4087432576449782,-2.032695618368827,-3.8034185333469517,-0.3853307396007593,6922,1465,0.237033984931713,0.24504016315938768,15.541518461999104,18.005544002707598,-3.174977914123722,-5.353318113013616,-0.648355205975637,-0.28015127253855354,-3.446234445633045,True,0.12013651877133105,23.320819112627987,0.9795221843003413,223,3.498992415919111,2.56479286200173,0.19150619822481477,0.3018813425648415,0.4587378640776699,412,Mediterranean,Humid Temperate
313,0.026687786143880347,0.07183578829257668,0.04514800214869634,0.014672960949557362,0.07435787167290744,1.0450029099112854,1.954276278151737,0.9092733682404517,0.26822488507014985,1.5351888366142683,36017,1061,0.28343943494464585,0.28937011724181716,5.795704964462236,7.10005361439854,4.618268573657458,1.4781137282533496,7.7192233111800235,2.7047094367543156,7.44788875633815,True,0.28180961357210177,5.298774740810556,0.9849198868991518,122,6.264153039377884,6.216752335691944,0.1586892929159264,0.31720806204683366,0.7706766917293233,532,Tropical/Subtropical Steppe,Dry
315,0.008943457103559522,0.014830742645513265,0.005887285541953743,-0.03621189953279652,0.0512572816838166,0.3759398100624728,-0.5241828204933828,-0.9001226305558556,-2.2656476423726764,0.30991183297625785,23354,411,0.2735731275843673,0.31677954491173416,5.246942072694618,9.20398290450187,0.5904649666608863,-3.556409168905672,5.259367152075334,0.8983569307457584,1.494126380358285,False,0.10462287104622871,9.136253041362531,0.8734793187347932,160,1.8541287240511517,-5.085335171942296,0.18427619331439818,0.34210329080258634,0.3103448275862069,232,Tropical/Subtropical Steppe,Dry
321,0.013996029903370616,0.09479206129554182,0.0807960313921712,-0.001931216514975959,0.1595508796817668,0.08992029996585528,0.9713108699248761,0.8813905699590209,-0.8532645953298855,2.667348185043997,6229,101,0.34661349560191007,0.34496605876299213,6.958391850226635,8.09511706203999,8.414974149972988,-0.19293529162260903,17.298394175215126,1.4094432877610474,9.943021726057676,False,0.21782178217821782,5.5049504950495045,0.9207920792079208,8,-9.40873159547987,-21.878766267348603,0.2657909020085057,0.5323869413801874,0.8571428571428571,56,Tropical/Subtropical Steppe,Dry
322,0.04625568765063446,0.13199399260520114,0.08573830495456669,-0.013355848842688577,0.18583893391034306,1.0507542521434474,2.0575666634325764,1.006812411289129,-1.6595511116264703,3.124055318014897,3491,72,0.26196341095091447,0.29896498826816875,3.904436041375929,6.8193871700323,8.95211687025843,-1.3267055237766279,20.422828441574904,4.734216918289125,14.110146419964353,False,0.4166666666666667,4.083333333333333,0.9444444444444444,6,11.988681731870642,38.43153479025303,0.17447386195352274,0.41151165252137273,0.85,40,Tropical/Subtropical Desert,Dry
331,0.015453068149219975,0.02907748079883756,0.013624412649617586,-0.020708456801077434,0.04831548432502746,1.2523848864825637,1.274706100095476,0.022321213612912283,-1.059237944724336,1.2270327815560373,10840,567,0.2844011050548715,0.2510381498106155,8.736370862579397,8.888520683392402,1.3717647903653152,-2.0495509181568616,4.950170443816138,1.5573084215398714,2.9504358205092673,False,0.14109347442680775,9.922398589065256,0.9470899470899471,84,0.45324318798918295,-3.2091978730374837,0.14771807792197322,0.2583610143694365,0.4716981132075472,159,Temperate Steppe,Dry
332,-0.0036812804505700126,0.0057486471347065774,0.00942992758527659,-0.018634862366205443,0.037091968978001336,0.4161982097206258,0.630108936056757,0.21391072633613117,-0.898303136197469,1.3572173524411082,4500,612,0.2247074027804613,0.21224645771798636,7.933189710306814,7.952403563623953,0.9474529439587043,-1.8462306830464459,3.7788460793452883,-0.3674512844724087,0.5765202314739426,False,0.08006535947712418,13.647058823529411,0.9150326797385621,164,5.714720144057939,-0.6228649296235123,0.26602057524143713,0.29208712399526665,0.296137339055794,233,Temperate Steppe,Dry
341,0.026776977346606463,-0.01911329395342697,-0.04589027130003343,-0.11394345291274272,0.013567840220145877,0.7706355574957832,-1.9852279577038832,-2.755863515199666,-6.798438713041295,-0.017986711366318832,22252,586,0.2995410396681036,0.36679588568421145,6.6172754333564905,15.254722671338321,-4.485323654661267,-10.769158810254753,1.3660301055653523,2.713870201838353,-1.8931793149427611,False,0.2440273037542662,4.936860068259386,0.9215017064846417,163,7.343763439054074,6.731302372425341,0.19463458389551533,0.42178864891959805,0.47419354838709676,310,Temperate Desert,Dry
342,0.05460050610099376,-0.06409987070166463,-0.1187003768026584,-0.16311831229506685,-0.08045524865565619,1.6203751421471635,-1.7568982052091837,-3.377273347356347,-4.912049849178152,-1.8597723049703816,7724,307,0.295183964670534,0.2720180717740728,8.41114041261476,11.529746924426231,-11.192615157112485,-15.05093227228107,-7.730380544503634,5.611861744415125,-6.2088675008989735,True,0.15960912052117263,8.729641693811075,0.9348534201954397,81,7.81421658411765,18.34450589047072,0.19278546255379528,0.3726790926690649,0.41304347826086957,138,Temperate Desert,Dry
411,0.010949852748504189,-0.05439678757502458,-0.06534664032352877,-0.1548582480009889,0.01868071772792635,2.177021768556624,-0.4765636038574577,-2.653585372414082,-5.87748443036831,0.6989975959331534,3286,316,0.32004915342467327,0.29502712427230193,10.282723458372622,11.289545726609488,-6.325730569898913,-14.346341534834362,1.885629392773791,1.1010021799653158,-5.294374821406911,False,0.20569620253164558,8.89873417721519,0.930379746835443,115,0.2771745246497259,7.590838112491949,0.2029631150885649,0.37416220197438843,0.28125,160,Savannah,Humid Tropical
M211,0.001705058163975317,-0.05424889980285913,-0.055953957966834444,-0.0639439035645636,-0.04872839434052876,0.8208879462966725,-1.9329655206014835,-2.753853466898156,-3.085893576036639,-2.4105066740180505,78736,8591,0.18847129280823935,0.1817585988414232,8.591758626981303,8.414952630664667,-5.441732856312487,-6.194238025648591,-4.75602173936206,0.1706512602162924,-5.280367981793088,True,0.07647538121289722,13.026190199045512,0.9960423699220115,2603,-0.8802506638826202,2.5124720620328,0.16969036565414114,0.23231101221699518,0.18503443957420163,3194,Warm Continental,Humid Temperate
M221,0.006227023792027825,-0.04854033417242832,-0.05476735796445614,-0.060928158090994534,-0.04933583704012511,1.3658304013130977,-1.5921821849256665,-2.9580125862387643,-3.2753810919413158,-2.6533104997609773,136085,12422,0.2002657337672591,0.21895321930990388,11.097352261676734,11.04697729675941,-5.329463420011338,-5.910916725843329,-4.81385943031698,0.6246452010405523,-4.738108456465106,True,0.10586056995652873,15.856544839800355,0.9926742875543391,3574,-0.9029245392890295,2.5815761096390277,0.20329149272482666,0.2587524102496742,0.40827814569536425,6040,Hot Continental,Humid Temperate
M223,0.007729609664591025,-0.013027213290906293,-0.020756822955497318,-0.03344351904002216,-0.007174305047984249,1.0159632176579967,-0.16300845039308026,-1.178971668051077,-1.850139214491486,-0.49608554493792456,13235,1712,0.1783585995220144,0.17525742383100892,8.392378641441093,7.736686794920118,-2.054288290137496,-3.289046703633003,-0.7148631155658003,0.7759560216333394,-1.294272642193195,True,0.06425233644859812,16.893691588785046,0.9894859813084113,698,-1.0473242090402457,-0.45386793755820554,0.13295179115965136,0.20212702196746418,0.32035053554040893,1027,Hot Continental,Humid Temperate
M231,0.0024827981092718932,-0.017357002165987376,-0.01983980027525927,-0.03383829548646637,-0.005605903948780312,0.8770683456602231,-0.09961791362374982,-0.9766862592839729,-1.6780827055514627,-0.342840767824067,27583,2214,0.19984794087911772,0.21106094242378343,8.650831332873631,8.374626597953052,-1.964428655703232,-3.3272183749734396,-0.5590220190139661,0.24858828048615056,-1.7207237146336762,True,0.09123757904245709,12.47606142728094,0.980126467931346,707,2.8722621486390043,2.3739527030951946,0.2306668027853241,0.2735601590207665,0.38253275109170304,1145,Subtropical,Humid Temperate
M242,-0.001148661417544748,-0.03190028465180151,-0.030751623234256762,-0.03776456150647505,-0.02464920342239521,1.7249569777821758,-1.4146675798555826,-3.1396245576377586,-3.628554865471021,-2.6640710376235663,115330,31173,0.2344164903687878,0.23957278170067475,15.975135389049369,19.66436280167745,-3.0283601810222938,-3.7060372739998626,-2.4347892575446006,-0.1148001958541256,-3.139683813457439,True,0.18281846469701343,18.111089725082604,0.998941391588875,6047,3.180152450451623,2.809274099681147,0.15377755434650586,0.29732757153007394,0.3946946946946947,9990,Marine,Humid Temperate
M261,0.002932756997953047,-0.01836118878133424,-0.02129394577928729,-0.02979833986834118,-0.012684815845543963,1.2431243545543729,-0.3296829415161786,-1.5728072960705515,-2.1245941401819057,-1.1056414505225771,57139,11702,0.2426283418956453,0.2511202264972547,13.56716941585438,16.458510648750575,-2.106883041204144,-2.935874654364079,-1.2604702667099787,0.2937061736980162,-1.8193649130707423,True,0.17364553067851649,15.356349341992821,0.9955563151598017,2103,1.1700804090559513,1.3925385686297531,0.12619438829978588,0.2801100731963269,0.45602690118986033,3866,Mediterranean,Humid Temperate
M262,-0.050993204834933935,-0.05585834431537903,-0.004865139480445098,-0.059280092541278404,0.05307682351349175,-1.9811452748774487,-4.0803760762528505,-2.099230801375402,-5.58457056933299,1.064365020014379,1765,288,0.2901577563571915,0.2873826789078471,13.078129706656076,17.84651788758641,-0.48533238586784266,-5.755723900246967,5.451065322104753,-4.9714872145208755,-5.432691362877373,False,0.1284722222222222,11.541666666666666,0.7708333333333334,38,0.8791210366947189,7.386760968612482,0.1415406163729705,0.29247329072429623,0.5421686746987951,83,Mediterranean,Humid Temperate
M313,0.02080990884217331,0.005180131462591294,-0.015629777379582016,-0.047048372874775354,0.013871851663302999,0.9462336270570234,0.289576107104254,-0.6566575199527693,-1.5068338532300904,0.2468911363318436,34394,623,0.25102845582314776,0.2985386642898919,6.76130955637146,8.808451221790119,-1.5508266296533568,-4.595875324360399,1.396851223413731,2.1027944804915544,0.5193571540678565,False,0.19903691813804172,6.93900481540931,0.9791332263242376,35,6.8247810459630465,4.742424928552391,0.28975579496350035,0.3470721551760702,0.8745519713261649,279,Tropical/Subtropical Steppe,Dry
M331,0.015548449851852983,0.0012091607911898,-0.014339289060663183,-0.026036765425151487,-0.0029012980078751836,1.43273122478087,0.8612285251301169,-0.571502699650753,-1.0651557132932878,-0.09470374212314044,90921,3029,0.24289757054977992,0.24687779907324742,9.418202155741984,10.13916583131185,-1.4236971094743534,-2.5700731576565605,-0.2897093310153309,1.566995592514031,0.12098921208345548,True,0.15945856718388907,11.577418289864642,0.998679432155827,410,-2.330148071157101,-3.8505534411444553,0.1640949839651411,0.3068144689754633,0.6061479346781941,1041,Temperate Desert,Dry
M332,0.003021629032236088,-0.026046666727638137,-0.029068295759874224,-0.04089367579247346,-0.017902263364692566,1.4302398029898296,0.16256856657191404,-1.2676712364179155,-1.8101431463043074,-0.6641152134068926,74010,5009,0.24403257516945073,0.2558836038653445,11.915667186961047,13.435108610013227,-2.86498768935477,-4.0068811555050265,-1.774296983589163,0.30261987547499647,-2.571037836057677,True,0.20942303853064484,12.115392293871032,0.9966061090037932,978,-0.7861272597697977,-1.5350804554741138,0.1456783259503096,0.3081882506768344,0.43857634902411025,1742,Temperate Desert,Dry
M333,-0.0008397984664342537,-0.026055714846683262,-0.025215916380249007,-0.03792706994703363,-0.011318955024353011,1.3148071238978627,-0.08633328172710573,-1.4011404056249683,-2.078916939888336,-0.7816577277468041,54014,4422,0.22844513082117013,0.24303108194913992,11.687532798493265,12.904316520825805,-2.4900650624712473,-3.721684584273244,-1.125513666559086,-0.08394459343943339,-2.57191938091762,True,0.20782451379466305,11.921981004070556,0.9929895974672094,787,-1.7168601725694788,-1.917207330024262,0.13518546694818936,0.2892009393059291,0.47074646940147946,1487,Temperate Desert,Dry
M334,-0.016221706223142604,0.022717874086700368,0.03893958030984297,0.00538215319367017,0.07218012193184589,0.3979500848588883,1.5206410477787458,1.1226909629198576,-0.2466391977865738,2.2247640380269225,6116,317,0.23741239477915851,0.22050265958135057,9.15343808886859,7.736533429230235,3.970766293752437,0.5396662999823887,7.484893049451236,-1.6090842910998493,2.297789025983521,True,0.09779179810725552,12.154574132492113,0.9716088328075709,55,-1.3751959671393754,-5.551244767815177,0.20196577461088275,0.293350105146041,0.2465753424657534,73,Temperate Desert,Dry
M341,0.023610751786370288,0.051556787122672504,0.027946035336302216,-0.0019871106681723033,0.05451989468555023,0.8586882608744867,1.6437129252300409,0.7850246643555542,-0.2442623956955356,1.6683177116872907,27092,589,0.26830478294106125,0.25671982103631563,5.956622154152299,8.340919461664248,2.83401888915793,-0.19851376708396318,5.603348565886579,2.3891692301326817,5.290897626566515,False,0.18845500848896435,9.071307300509337,0.9830220713073005,115,0.7770811667591859,-5.4456989999062895,0.11955322159639119,0.3050240956592031,0.547244094488189,254,Temperate Desert,Dry
Water,,-0.0824105435238233,,,,,-3.2976636788629854,,,,0,294,,0.22148635743413572,,10.288393605493042,,,,,-7.910618591225282,False,0.061224489795918366,13.421768707482993,0.0,89,-2.2585000961690693,7.9756238600732,0.18316795152713172,0.26101277052672134,0.42207792207792205,154,Water,Water
