statecd,ctl_mean_lr,htcd2_mean_lr,excess_lr,excess_lr_lo,excess_lr_hi,ctl_mean_ft,htcd2_mean_ft,excess_ft,excess_ft_lo,excess_ft_hi,n_ctl,n_htcd2,ctl_sd_lr,htcd2_sd_lr,ctl_rmse_ft,htcd2_rmse_ft,excess_pct,excess_pct_lo,excess_pct_hi,ctl_bias_pct,htcd2_bias_pct,significant,share_model_below_actualht,mean_break_ft,share_speciesdivision_tier,n_anchor,crew_vs_earlier_pct,model_vs_earlier_pct,crew_rmse,model_rmse,copied_share,n_pairs_all
1,0.015043914760573837,0.032142035171239876,0.017098120410666037,0.009475135037591108,0.02349979957800975,1.6898457587196525,2.0208871298920354,0.33104137117238297,0.002979477198283238,0.6574942203597726,122003,7394,0.20272081840181408,0.21432038790837493,9.80316678464146,9.86099985764745,1.7245129938476156,0.9520166242793282,2.377809555896526,1.5157644041747131,3.266416952128459,True,0.17149039761969165,14.844468487963214,0.9972951041384907,3330,-0.32898026760145305,-5.957327710361737,0.18108977743697743,0.2504555907082919,0.31594083812654067,4868
4,0.052527811536571344,0.10700616756293417,0.05447835602636283,0.028285421642138448,0.08251303624086792,1.554863185992228,2.4842609009580165,0.9293977149657886,0.2465616065137525,1.5510905386627447,44583,1113,0.270115915202543,0.29448100266294447,6.680923811613141,8.153240669391588,5.598962035487376,2.86892526998177,8.601283087162548,5.393187313577608,11.294111859254908,True,0.31536388140161725,6.132075471698113,0.9793351302785265,60,5.592262356813649,-4.53431881806069,0.1790368823897673,0.31055245294134254,0.8943661971830986,568
5,-0.020095373164945883,-0.028154269930385275,-0.008058896765439392,-0.015034632759938988,-0.0013833079498525743,-0.18859356596685545,-0.7833295392054667,-0.5947359732386113,-0.922565669612706,-0.250645261873542,98255,7476,0.20182305803927253,0.19803468727470985,9.28680189324696,8.780265277243352,-0.802651091337514,-1.4922176951476018,-0.13823516204273245,-1.9894806885171978,-2.776163191396386,True,0.0671482075976458,15.947431781701445,0.9926431246655966,3099,0.45963268117814593,1.8600971208303507,0.17916431864276722,0.23797945956938285,0.31920035149384884,4552
6,-0.006328815402229777,-0.034075625003223,-0.027746809600993218,-0.037423703602247574,-0.01733368908158719,0.955680526922658,-1.2970895344973261,-2.252770061419984,-2.811498641576298,-1.6058559734150606,52392,10611,0.2480797679043091,0.2570657962132187,13.96333843204844,17.01861535881682,-2.736540262988052,-3.6732091211254647,-1.7184324948632534,-0.630883063223131,-3.35015895717371,True,0.15314296484779946,16.111299594760155,0.9803034586749599,1773,1.184738528237994,3.328772677590486,0.1309296680011835,0.287923278317316,0.49901102006216447,3539
8,0.02228723256499501,0.025435771542825628,0.003148538977830618,-0.012580405966388299,0.018758295147165864,1.3441335365853069,1.08341818365568,-0.2607153529296269,-0.8490302787530479,0.26222979541249053,51296,2292,0.24101860924798274,0.23882011855528715,8.607330606818978,9.087917383597292,0.3153500832842715,-1.2501603461232302,1.893533723554497,2.25374483475973,2.576202104257419,False,0.19415357766143107,9.511780104712042,0.993891797556719,551,1.2522532594709146,-2.827644905025495,0.16594310248320757,0.30748998539007155,0.5338409475465313,1182
9,-0.033343128208638925,-0.09997214692340872,-0.0666290187147698,-0.09121875092996415,-0.04516777587129534,-1.1184630219165923,-4.463044181842945,-3.344581159926353,-4.587682527365477,-1.9805415465947607,3800,470,0.18220382498077325,0.18592168355433264,9.919153378714824,10.226255129377948,-6.445779438342337,-8.718199073081212,-4.4162898023059505,-3.2793373232694822,-9.513737910714626,True,0.09148936170212765,15.58936170212766,0.9957446808510638,169,-4.4415272373099945,2.0966570790321493,0.1294774691316066,0.20246459952628937,0.12435233160621761,193
10,-0.016812702955505694,-0.05972287122491799,-0.0429101682694123,-0.07965762495147412,-0.0065851775037648295,0.0951401539857216,-2.485095972632293,-2.580236126618015,-4.413481400860665,-0.5550533075903322,1897,288,0.1811696209716875,0.19229202622977648,10.103640838645912,10.311472086491689,-4.2002555229886385,-7.656754749913985,-0.656354273802684,-1.6672158213138166,-5.797444019687581,True,0.06944444444444445,18.09722222222222,0.9965277777777778,54,0.29238870929824134,5.119470196019171,0.23143040823580663,0.25539961891734836,0.35714285714285715,84
12,0.0060297874024754046,-0.07128256132211949,-0.0773123487245949,-0.09220651187028019,-0.06094734262454092,1.4061851571839317,-2.1751428563394604,-3.5813280135233923,-4.257245054085295,-2.9880679043546756,62053,2896,0.2499877344039166,0.24689811398472594,10.690121139216318,11.072540749391626,-7.439930174739007,-8.808319154722943,-5.9127217637032885,0.6048003164521365,-6.8801265795275235,True,0.10117403314917127,15.334944751381215,0.9720303867403315,1092,-3.0553130353964897,3.6793161512957306,0.2558119899695991,0.30509787071702643,0.41697810998398294,1873
13,0.00445683991903191,0.015448045378165633,0.010991205459133723,0.005018778417126735,0.018116956906726746,1.1918726223503644,1.2183953610322555,0.026522738681891145,-0.28561992465336883,0.3256272734103256,157108,10315,0.22608221322815963,0.20525340728250083,10.49618582836164,9.607757490763614,1.1051830668977303,0.503139358093474,1.8282064546011556,0.4466786401200462,1.5567983237118277,True,0.14231701405719827,15.640038778477944,0.9966068831798351,4259,-2.452177937318134,-5.345683525557976,0.17796275468518793,0.24639706740586548,0.349473041087521,6547
16,0.008539006370937898,-0.030576402417845948,-0.03911540878878385,-0.057866724927942426,-0.022552718581273855,1.9628355593993787,0.4705214757703024,-1.4923140836290762,-2.339307365930757,-0.7017336268407538,44132,2282,0.2496057738396526,0.2633993695369444,12.381837970259873,13.341537118129343,-3.836027893346472,-5.6224279167416675,-2.2300307106044137,0.8575567677489015,-3.0113672424097127,True,0.18755477651183172,13.623575810692374,0.9938650306748467,327,-0.13801200720651163,0.8092968194241212,0.12684063583789004,0.30766448711466876,0.5162721893491125,676
17,0.027140637995019697,0.04948375101670276,0.02234311302168306,0.009964812661603095,0.03595183970457631,2.4174746420771522,2.8057768885076997,0.38830224643054745,-0.395052990204736,1.1956661456129505,12872,1642,0.18776415142805275,0.1738547102562577,10.45343293978154,9.488538240207093,2.2594589803722087,1.001462673242992,3.6605922041301753,2.75122998720716,5.0728518805959855,True,0.1315468940316687,19.711327649208283,0.98721071863581,819,-1.0508547994345085,-5.844083750597351,0.18604769865256957,0.24104989986583064,0.08389261744966443,894
18,0.0471989025043946,-0.007160106747354134,-0.05435900925174874,-0.07133384606589108,-0.037437644606623306,4.207973176850443,0.6499844961646645,-3.5579886806857783,-4.3985198270528265,-2.54100799766688,18360,835,0.1988418229411856,0.2030853334264038,12.381703839630338,10.401636301613902,-5.2907969341000065,-6.884902085919576,-3.6745520039780155,4.833050390655691,-0.7134534253366409,True,0.09461077844311377,20.734131736526948,0.9880239520958084,312,-0.5525033559186987,-0.8857945554754387,0.25446903496262646,0.280180169107085,0.185378590078329,383
19,-0.005792391638646906,-0.02981116273250618,-0.024018771093859272,-0.04115113878764511,-0.00896612116167348,0.3259097248809712,-1.0119273674688443,-1.3378370923498155,-2.05208833247009,-0.6006943503811809,7060,877,0.1747265951662492,0.17417611637773853,8.613032922641153,8.10078582442519,-2.3732616020784025,-4.03159265011438,-0.8926045361596358,-0.5775648082210094,-2.9371192864787954,True,0.08209806157354618,16.670467502850627,0.9977194982896237,334,-2.351675940836273,0.47138361889420555,0.15896013031536987,0.204705261973519,0.18932038834951456,412
20,-0.06038340257052738,-0.02801717576768407,0.032366226802843304,0.006027282853063504,0.05631852913367696,-1.8997687984542035,-0.9398110656229686,0.959957732831235,-0.027681721082157905,1.9360081383685372,5501,627,0.2160360280430422,0.1847686275745953,8.74348221000864,7.476689150611554,3.289571014011261,0.6045483470741964,5.7934613068646,-5.859647214907371,-2.7628334572010083,True,0.06060606060606061,15.547049441786283,0.937799043062201,166,7.128418536633063,3.248896896726916,0.26867049877189964,0.311654665713195,0.3054393305439331,239
21,0.019156308927812744,-0.02733357741792589,-0.04648988634573863,-0.05584546963375174,-0.03853318627114544,1.9576180162488388,-0.4989487376938197,-2.4565667539426586,-2.894742056564681,-2.0422383540564635,49826,5143,0.19259958642608097,0.21013775839345333,10.330370277880514,10.603917071882188,-4.542578524527441,-5.431473831048672,-3.780022761257995,1.9340968259366598,-2.6963395656493416,True,0.07349795839004472,18.39373906280381,0.9953334629593622,1266,-1.501097415300967,-0.813014721302252,0.18143683188660448,0.24297794827447103,0.655697579548545,3677
22,0.008380133862147058,-0.04469786914932094,-0.053078003011468,-0.0672988155053241,-0.039483689687678354,1.209514758782762,-1.7830386474047888,-2.9925534061875507,-3.6743708141066986,-2.3147443951983555,47724,3541,0.2079528713537388,0.2409372428416029,10.011549389507485,11.45749210987177,-5.16939611295717,-6.508420774192603,-3.8714367268364525,0.8415345474535485,-4.371363819688878,True,0.08839310929116069,17.9130189212087,0.9932222536006777,1346,-4.318402358019213,-4.009559174624188,0.23218671544953945,0.2649189891148061,0.35381661065770525,2083
23,-0.01651349635880473,-0.06460818754087141,-0.04809469118206668,-0.05490748867422555,-0.04109709923465492,-0.3489766511947337,-2.729423383278469,-2.3804467320837355,-2.6679611590916252,-2.0879031221307978,76294,5507,0.18380348308640077,0.1801572933399445,7.877324376681195,8.316806725784648,-4.695646201449732,-5.342728740035485,-4.026406420150497,-1.63778960157559,-6.256530997811193,True,0.06918467405120755,11.08007989831124,0.9901942981659706,1646,-0.8179914526762588,4.833355583843679,0.17479239871322189,0.22911463216639083,0.1431546069755336,1921
24,-0.016546799920658255,-0.03714784487686617,-0.020601044956207914,-0.04455542589383468,0.0050554428880198125,0.5181965164142385,-0.8535605571721862,-1.3717570735864246,-2.664903626089228,-0.08006879868223729,5461,747,0.2091129371122797,0.21091928381958996,11.61826137472702,10.974600550409933,-2.0390293146528737,-4.35774119523119,0.5068243200743172,-1.641065358986138,-3.646632869896682,False,0.12985274431057564,16.1954484605087,0.965194109772423,187,-5.075199886785664,-2.094757770881206,0.1962336371056451,0.24252318636611708,0.18695652173913044,230
25,-0.04009896678724887,-0.10589254942159386,-0.06579358263434498,-0.08325069501173483,-0.0444726075275036,-1.2502557118240287,-4.18866289186336,-2.938407180039331,-3.865825663384217,-2.089738296222044,7913,1295,0.18489553801378836,0.20879130067893753,9.799618960264343,10.651623896643963,-6.367588209670116,-7.987955130283508,-4.349819931596233,-3.930564238665757,-10.047870303301076,True,0.07644787644787644,14.55057915057915,0.9915057915057915,440,-4.618757571679022,2.1063204663942514,0.15265159619465765,0.23769604005403394,0.16030534351145037,524
26,0.010843170419594799,-0.02155467632773357,-0.032397846747328374,-0.04128317617036275,-0.023574665951671233,1.6278257209139568,-0.3738867628148455,-2.0017124837288023,-2.4049768182565905,-1.5929732235752363,84332,5511,0.1959290779201399,0.1929812097299686,10.043083923706941,9.36099022849352,-3.18786584758165,-4.044263230930866,-2.32989543668507,1.0902170648985132,-2.132403440159536,True,0.1259299582652876,13.514244238795136,0.9943748865904555,1000,0.9802258456590218,1.7187549252134726,0.21161510745557657,0.26487878061462466,0.3079584775086505,1445
27,-0.022550513695115255,-0.05216533215211945,-0.029614818457004196,-0.0370687369484955,-0.0227620255325492,-0.4345466650463811,-2.225097525257466,-1.7905508602110847,-2.130736389573729,-1.4570668361681096,83718,5975,0.18392101154783094,0.1807890811938924,8.318313793351077,8.762730725101394,-2.918059674425333,-3.6390102531307367,-2.250492503330226,-2.2298151387147414,-5.082807476763007,True,0.07347280334728033,14.542092050209204,0.994142259414226,1392,1.4305346513650674,5.538797155490882,0.17827759969850077,0.23823894106624482,0.18357771260997066,1705
28,0.025132168720477733,-0.01969440398410063,-0.04482657270457836,-0.05487119613669482,-0.03477940515637476,2.535466223844922,-0.3968406281126626,-2.9323068519575846,-3.415221065845003,-2.4442740264850014,85266,3702,0.21719550602286786,0.21557803008330137,10.974666721169791,10.115532962719701,-4.383670773158377,-5.339293325126137,-3.418155267071643,2.545064406778441,-1.9501736109379442,True,0.09589411129119395,17.87169097784981,0.9975688816855753,1233,0.4989391581960989,0.24319474827891874,0.2936420131334519,0.2889426792601416,0.0940484937545922,1361
29,-0.030444791651445376,-0.048066921123543334,-0.017622129472097958,-0.024834420935301225,-0.010766318905925464,-0.8605112956523213,-1.9739031959433313,-1.11339190029101,-1.4525434121602137,-0.8158929327497937,57056,5352,0.17964738907877018,0.18303380900613728,8.664307275109454,8.542983012352602,-1.7467767805595114,-2.452858369814792,-1.070856952974275,-2.998601654094335,-4.692999557218647,True,0.10276532137518685,13.29222720478326,0.9932735426008968,2227,-1.3392351763656496,2.399206049912128,0.19922803473606435,0.2476646855630279,0.14935064935064934,2618
30,-0.004531304852647973,-0.03433174033257652,-0.02980043547992855,-0.045049770518541386,-0.0142111818841009,0.6941808954144288,-0.5506293021958073,-1.2448101976102361,-2.0242084601667183,-0.4830765695927916,62112,1955,0.24389343599656327,0.2644197514418373,10.731666758534883,11.980469720953538,-2.9360780628567396,-4.4050097473261935,-1.4110679687105887,-0.45210539799354077,-3.374909293438799,True,0.17340153452685422,11.529411764705882,0.9907928388746803,206,-1.2758940476104375,-1.3590304008497145,0.136340208550219,0.2939715362758918,0.6466552315608919,583
31,-0.01631268946521264,-0.042805084519576445,-0.026492395054363804,-0.06224295874734232,0.010635213078263607,-0.1291308533819887,-1.3801547896247623,-1.2510239362427735,-2.7305878067128035,0.19784537692528073,3185,376,0.23056244689485286,0.22165289608843317,8.690821702548794,8.72178688642599,-2.6144550074872264,-6.034543823982941,1.069196797858285,-1.6180358083760837,-4.190187997648276,False,0.09042553191489362,12.337765957446809,0.949468085106383,118,6.441580765365118,6.506418510738965,0.2597839022406138,0.27712456934984164,0.19727891156462585,147
32,-0.009326733979653565,-0.04887361492645419,-0.039546880946800624,-0.08028698392443923,0.005302603858756303,0.16986451741590664,-1.2949691333358628,-1.4648336507517694,-2.684593138246654,-0.2851492331301476,19800,204,0.2796484847322436,0.28626105393296436,4.614636507807834,7.888230785672758,-3.877511019864166,-7.714853515497411,0.5316687544996812,-0.9283374900526886,-4.769852121438534,False,0.18137254901960784,4.46078431372549,0.9852941176470589,40,9.73232177330139,21.999571746269055,0.1995537706896126,0.3607503636824585,0.5121951219512195,82
33,-0.010913452783129374,-0.0809850610606394,-0.07007160827751002,-0.08410357254758873,-0.05490764641474384,0.42038217562904795,-3.0972813219992315,-3.5176634976282792,-4.110522038626751,-2.8892145637654845,20772,2436,0.1907842917949616,0.1768620132289076,9.00953788905455,8.51409696938677,-6.767294481897423,-8.066396681107724,-5.342743671321337,-1.0854117105840277,-7.779253185685231,True,0.05952380952380952,12.777093596059114,0.9979474548440066,651,0.7421856844140651,6.72311315761962,0.16862215943989226,0.23696175385937088,0.23770491803278687,854
34,-0.027391965805606735,-0.05691407616389568,-0.029522110358288948,-0.04933716189249607,-0.012397175732361048,-0.3498495918652813,-1.783596239215692,-1.4337466473504108,-2.2791082391369395,-0.42507162210784144,7269,1236,0.20213903204034925,0.19545606979022082,10.079995235682755,9.426516424328899,-2.9090589751057494,-4.813985537817467,-1.2320647321121259,-2.702020803636773,-5.532476400045095,True,0.08333333333333333,16.48705501618123,0.9870550161812298,303,4.01368735642138,6.287751976215561,0.1888524852424615,0.26583937074241387,0.192,375
35,0.011247246012010447,-0.008173985923089882,-0.019421231935100328,-0.04897247144725421,0.009598114166992893,0.7865686718197016,0.3015852611983362,-0.4849834106213654,-1.429458639181527,0.41728773214663306,39264,589,0.26432171026560647,0.2906244525883548,6.582089213086607,8.527486784545278,-1.923385480241424,-4.779265777224784,0.9644323788188469,1.131073408216099,-0.8140669737298323,False,0.1799660441426146,6.837011884550085,0.9779286926994907,45,2.27942647062529,1.0801697879435634,0.2417414432896432,0.3387858995124859,0.7058823529411765,153
36,0.008811590373501767,-0.04103608490759323,-0.049847675281094996,-0.058782882611551776,-0.04164534267891901,1.2401443776445618,-1.2728336520070027,-2.5129780296515642,-2.9422725507509604,-2.0804790530192365,50518,6481,0.19265865382391847,0.19790047343682934,9.94444205171515,9.403010085034007,-4.862566870842189,-5.708853058992036,-4.079008892855152,0.8850526715629581,-4.020550477276141,True,0.09581854652059868,14.340996759759296,0.9882734145965129,1936,-1.7038293448379593,0.4410582219789738,0.17313738986651114,0.23772128226931177,0.1966804979253112,2410
37,0.0009651852992058977,-0.04440607839741691,-0.0453712636966228,-0.053111703582847156,-0.0375692840905252,1.1085153106672863,-1.3408097823120164,-2.4493250929793025,-2.8595628791202534,-2.042563846918693,106279,5686,0.2018672329900659,0.20344569118783032,10.03268475426098,9.925839759364557,-4.435737944833584,-5.172591904642088,-3.687231401665836,0.09656512404312423,-4.343456196639117,True,0.06577558916637355,17.897643334505805,0.9829405557509673,1971,-1.1839713767576199,1.1225222315899286,0.2283087473496086,0.2623346697553084,0.4308403118683223,3463
38,0.05336140053182701,0.04214076532235208,-0.01122063520947493,-0.05496162226382126,0.04579260666222936,1.9343395201764526,1.4417760935812267,-0.4925634265952259,-2.3472111105496367,1.307716489394428,1549,326,0.23462348959102547,0.21219247416402276,8.175761488886854,7.3462729563810765,-1.1157918674517098,-5.347852739218628,4.685727721677835,5.481078542188178,4.304129246114097,False,0.11349693251533742,13.10122699386503,0.9601226993865031,42,0.555960522190202,-7.360471516125577,0.12742281358441873,0.23773764122064975,0.288135593220339,59
39,0.011993418894310466,-0.01367327185991288,-0.025666690754223346,-0.03728637557457959,-0.014309032406896767,1.826398769061056,0.10752753257597676,-1.7188712364850791,-2.3722602975286655,-1.1346780563259822,18128,1940,0.18636559069597206,0.18855954770398256,10.86807881109111,9.989026155977163,-2.5340101369481505,-3.659979844568051,-1.4207144752861889,1.2065628333296052,-1.3580217281237594,True,0.08144329896907217,20.462886597938144,0.9922680412371134,531,-0.6558709056873835,-2.018594169796184,0.20551519104916052,0.23557990598469977,0.21216617210682492,674
40,-0.06897200069925513,-0.11098996294582691,-0.04201796224657178,-0.059224665609981984,-0.025085492117423,-2.3221519158651316,-3.8907683488040727,-1.5686164329389412,-2.147574992746876,-0.9536704859194333,25693,2442,0.21059681171205807,0.23694092592545904,8.709086690742732,9.908730614685407,-4.1147442728259325,-5.750500084461796,-2.477346571706951,-6.664718706154016,-10.505226847718507,True,0.05896805896805897,12.342342342342342,0.9754299754299754,481,0.47750564558151076,11.460362730423945,0.2283598419177217,0.32672517121568473,0.46674057649667405,902
41,0.005787443540731646,-0.010254497042491779,-0.016041940583223425,-0.022946906980344565,-0.010111519039634998,1.9886646675827573,0.6925833174119846,-1.2960813501707726,-1.7957540509139704,-0.834991078059471,110379,24041,0.22938870902089936,0.23420472727571692,14.645691191311242,17.909212158195444,-1.5913953952950033,-2.2685629033051713,-1.0060569501335825,0.5804223146823384,-1.0202098946017868,True,0.20639740443409177,16.803086394076786,0.9978370284097999,5191,2.2332939348476577,0.36465494557498257,0.14222555502068795,0.2792668744125571,0.3454797629554911,7931
42,-0.0007471902564912161,-0.04179226883170035,-0.04104507857520913,-0.050521673040333906,-0.03247146103185779,1.112723923679642,-1.2343783767453333,-2.347102300424975,-2.7924515228588738,-1.8550056493889486,43179,5645,0.20081687076330554,0.20440682498922824,11.373875933880637,10.494080328430426,-4.021413680661423,-4.926667683262409,-3.1949923412619596,-0.07469111793637628,-4.093101159762858,True,0.12187776793622675,15.714614703277237,0.9890168290522586,1508,-1.4917806679754397,0.15960580197198482,0.1714473812942892,0.24547852784645247,0.21621621621621623,1924
44,-0.07444003761527118,-0.1770123599015928,-0.10257232228632163,-0.13858885739470733,-0.0669521477548204,-3.316879052625868,-8.087550323316346,-4.770671270690478,-6.578616267367278,-3.011077730888858,1490,185,0.17840161694197043,0.17411870752842304,9.74748953834908,11.395528003006568,-9.7487124402032,-12.941411016194039,-6.4760046402418725,-7.173686673863633,-16.22305702887069,True,0.02702702702702703,16.016216216216215,0.9891891891891892,58,-1.9987733943631625,13.849183803874165,0.12031118973157774,0.22622227101098924,0.2564102564102564,78
45,0.014056183051800107,-0.014347957732456059,-0.02840414078425617,-0.03842308066350819,-0.019486520228988082,1.624850058133359,0.015742770595819945,-1.609107287537539,-2.0761995731383336,-1.174038930214473,90104,6831,0.2053047983924412,0.22526639928858433,9.965038885128244,10.190496219216154,-2.8004535596624414,-3.769427818926696,-1.9297885260494696,1.4155435685289985,-1.4245516313868722,True,0.13614404918752745,13.381788903528035,0.9972185624359537,2059,0.2109582735813742,0.5802470289436146,0.22772593358477855,0.27264165840638777,0.5306587645315706,4387
46,-0.012702730076518709,-0.025631258026670725,-0.012928527950152017,-0.0482774665838628,0.02265697908598621,0.3763570124872965,0.01289973330514721,-0.3634572791821493,-1.6316802579798058,0.8743703853651762,5693,325,0.2414023983866792,0.23659853604826928,8.91013261991195,8.220813669015886,-1.2845313532011793,-4.713063901196158,2.2915597917142705,-1.2622390936083305,-2.530556589899746,False,0.06769230769230769,13.206153846153846,0.9784615384615385,75,-0.9844178950184634,-2.889892445976694,0.2278496020435231,0.31893783676071485,0.24242424242424243,99
47,0.0421070717176679,0.029070789747198785,-0.013036281970469115,-0.020134646925537774,-0.00622332403606218,3.1814141964396883,2.166394308466417,-1.0150198879732715,-1.3950764340365738,-0.6730916622562655,82389,6861,0.1921518980654252,0.209027240618157,10.662568055281696,10.695697331805118,-1.2951677687468077,-1.9933298546020106,-0.6203999263921012,4.300614923221779,2.9497469761315065,True,0.1734441043579653,15.073750182189185,0.995044454161201,2179,-0.19634590235164673,-5.078931415330123,0.18060748310273608,0.24567148064944885,0.5194089104543449,4534
48,-0.008571154623784097,-0.05965077853907202,-0.05107962391528792,-0.060482961481978244,-0.04135598181916973,0.11440012030250667,-2.6563254397417895,-2.770725560044296,-3.1917433514826565,-2.3865889433163527,91987,3996,0.23284049747828867,0.2307867303508663,8.538148374294247,10.00843914865617,-4.979699136364724,-5.8690192594112345,-4.051249096294773,-0.853452699970425,-5.79065245960545,True,0.06731731731731731,14.424424424424425,0.9842342342342343,1532,-3.316626151421309,-0.2677850320974118,0.20298944991151738,0.27233918135659485,0.34697357203751067,2346
49,0.020400885565679375,0.005480595032416703,-0.014920290533262673,-0.038205435129944884,0.00938203241648768,0.7213818379601687,0.9259074908386011,0.20452565287843238,-0.44958254086891625,0.8462101532215913,38585,990,0.28024209340900624,0.26295945271698296,6.771893724143188,7.973448789011308,-1.4809534519968692,-3.74848138533308,0.9426181644433429,2.0610406006904336,0.5495640967705828,False,0.12828282828282828,9.712121212121213,0.98989898989899,135,0.5573129050050918,-0.46574236753109677,0.1575546230714388,0.3534514738782065,0.6520618556701031,388
50,0.010812200583093361,-0.07870533024824591,-0.08951753083133927,-0.10821328492278201,-0.0707163831547102,1.5409272663435705,-3.180300218210243,-4.721227484553814,-5.496977508732707,-3.960254747043303,15058,1499,0.1916633392240043,0.18570194685326863,9.354381187582153,8.969507581248,-8.562776472164124,-10.256383358686282,-6.827389212280743,1.0870863658829943,-7.56877488185107,True,0.07004669779853236,14.0527018012008,0.9926617745163442,386,-1.4633572262155226,5.140476888620205,0.1682683525793296,0.26129386595046633,0.25626204238921,519
51,0.009003868127440046,-0.06109612391668106,-0.07009999204412111,-0.07884620579862157,-0.06165549620919263,1.484497701146956,-1.9591672485737532,-3.4436649497207092,-3.7843910069653424,-3.0303795629501264,102767,7197,0.20110376313267903,0.23637411690034626,10.355649359853354,11.303881061502468,-6.769940739695812,-7.581795264413172,-5.979326421109576,0.9044524879133764,-5.926719149232862,True,0.10587744893705711,14.304988189523412,0.9891621508962067,2217,-0.1383926440733152,4.157725165941528,0.22119388056805925,0.27124876482392735,0.5070046697798533,4497
53,0.0011555561143063683,-0.049055393993768154,-0.05021095010807452,-0.05921827179120951,-0.041148389467700164,1.4568467495101187,-3.071409313042526,-4.528256062552645,-5.141018487511409,-3.861620669362031,67514,17543,0.240975357685292,0.24855802682823258,15.362269151444533,19.419973918167496,-4.897121628584622,-5.749897468313437,-4.031328801895273,0.115622402651816,-4.787161395620554,True,0.16832924813315853,17.33933762754375,0.9939007011343556,3109,2.5362328038606607,4.1660130336022005,0.16652581331448194,0.3245779285705774,0.4465016912942852,5617
54,-0.0009226716857111239,-0.030043814713284434,-0.02912114302757331,-0.0389055964384696,-0.0194859124662529,1.1661323984725225,-0.750603304175152,-1.9167357026476743,-2.4779110258965744,-1.3626654035830146,32286,3699,0.19227408648380923,0.18990576563890896,11.068144205861786,9.92782171076765,-2.870120873714721,-3.8158493875673827,-1.9297289226113845,-0.09222461550764116,-2.9596985312819735,True,0.0665044606650446,19.42984590429846,0.9983779399837794,1102,2.3064844770892767,1.8844488527901326,0.2084775774675458,0.2515640324818221,0.1253968253968254,1260
55,0.01174683779492453,-0.019659271861863947,-0.03140610965678848,-0.03782103068581098,-0.025220536364178432,1.286132903634363,-0.35682324575107416,-1.6429561493854372,-1.89686955117565,-1.367062421344356,105235,10366,0.17795052753504095,0.18061366786329314,8.880979504577153,8.79942206254072,-3.091806038163658,-3.7114747615233257,-2.4905155557629843,1.181610284341006,-1.9467288519414594,True,0.1678564537912406,12.494211846420992,0.9966235770789118,2994,-0.7555704250158835,0.07177995756211253,0.16742610906658353,0.2338033813728834,0.2087737843551797,3784
56,-0.0005678624612770326,-0.008275244754654833,-0.0077073822933778,-0.036257061333601376,0.018764146772828682,1.3593792436210301,0.8175242444737125,-0.5418549991473176,-1.626951241711692,0.6028048737414701,23129,610,0.2565328463726612,0.2652889115346199,10.119694236266113,10.521985714503021,-0.7677756583553852,-3.5607646367925683,1.8941299681157986,-0.056770125790484016,-0.82410991693882,False,0.16557377049180327,11.762295081967213,0.9934426229508196,19,-5.6270852180494995,7.772668433792185,0.17029957903783532,0.319111031216837,0.7816091954022989,87
