division,n,htcd4_bias_pct,lo,hi,division_name,ctl_bias_pct,ctl_rmse_ft,n_ctl,excess_pct,significant
M242,89320,-0.11661051512547038,-0.5470245186824152,0.32706799064736725,Marine,-0.1148001958541256,15.975135389049369,115330,-0.0018103192713447847,False
M261,55662,2.3705998113454196,1.8478025627538308,2.915690247777536,Mediterranean,0.2937061736980162,13.56716941585438,57139,2.0768936376474034,True
M332,13935,0.5374744683087629,-0.46329995663355605,1.5542059607442482,Temperate Desert,0.3026198754749964,11.915667186961048,74010,0.23485459283376647,False
263,9580,0.6052175263358217,-0.6761485564977465,2.0212935854237113,Mediterranean,-0.2801512725385535,15.541518461999104,6922,0.8853687988743753,False
M333,8011,3.6231613580456346,2.232394402138982,4.892937485707494,Temperate Desert,-0.0839445934394333,11.687532798493264,54014,3.707105951485068,True
242,6258,-3.2314590286731004,-4.389132680504004,-1.8029902148990473,Marine,-1.7273237886425874,14.941606915527435,5186,-1.504135240030513,True
342,2254,5.336680096634572,2.7224988279497486,8.016446231451813,Temperate Desert,5.611861744415125,8.41114041261476,7724,-0.27518164778055354,False
261,1958,2.9203642194611135,0.04850702849823474,6.203724158673896,Mediterranean,2.014659159087961,14.990437894771397,1559,0.9057050603731525,False
M262,1448,4.757970382828169,1.1670217601409183,8.085510445538603,Mediterranean,-4.971487214520876,13.078129706656076,1765,9.729457597349047,True
341,474,1.3874164906059194,-6.862646753283574,10.010777885952926,Temperate Desert,2.713870201838353,6.6172754333564905,22252,-1.3264537112324337,False
231,424,-5.683020544725603,-9.81192788522225,-1.7818830501720728,Subtropical,0.1444677837918906,10.105049710898358,398425,-5.827488328517494,True
232,306,-10.59618590942053,-15.241969727162774,-6.589690696708928,Subtropical,0.4505777686734102,10.185271178135254,404999,-11.04676367809394,True
223,243,-3.165838226282136,-8.190962136008029,1.602573396942808,Hot Continental,0.3247601509912101,9.791173977161614,136168,-3.490598377273346,False
255,142,-8.582703082117071,-14.23547153608775,-2.8736294362561754,Prairie,-0.3374271666296002,8.05662957756087,23185,-8.24527591548747,True
M221,106,-4.963615659414988,-10.209066352773743,-0.40830697090886714,Hot Continental,0.6246452010405523,11.097352261676734,136085,-5.588260860455541,True
221,93,-2.5125067207188434,-10.76422577491314,6.750798876271746,Hot Continental,0.6208688503543058,10.51363418277819,106717,-3.1333755710731492,False
262,43,7.848255291733874,-5.0121059913340265,20.217872641755452,Mediterranean,1.2134731561217915,13.51485242648911,49,6.634782135612083,False
332,24,-11.25428386388354,,,Temperate Steppe,-0.3674512844724087,7.933189710306814,4500,-10.88683257941113,False
251,23,-13.84501277875464,,,Prairie,-0.1054857363815275,9.113190412550612,25541,-13.739527042373112,False
331,22,-6.62393954910293,-17.846810608832264,11.868261740558417,Temperate Steppe,1.5573084215398714,8.736370862579397,10840,-8.1812479706428,False
M231,11,-22.172897037395657,,,Subtropical,0.2485882804861505,8.650831332873631,27583,-22.421485317881807,False
411,7,17.809144451939083,,,Savannah,1.1010021799653158,10.282723458372622,3286,16.708142271973767,False
315,5,-27.069417429481714,,,Tropical/Subtropical Steppe,0.8983569307457584,5.246942072694618,23354,-27.967774360227473,False
234,4,-7.380482183934422,,,Subtropical,-0.2845381702688665,10.74619158540228,26162,-7.095944013665555,False
M223,3,-20.239955821996414,,,Hot Continental,0.7759560216333394,8.392378641441093,13235,-21.015911843629752,False
