statecd,n,bias_pct,lo,hi
41,74222,0.5522627892543763,0.07300197293087507,1.052910405543006
6,59693,2.0528490361106044,1.5468812817272637,2.577980196973062
53,55050,0.07145270087332012,-0.49098976774003544,0.5999822576139291
40,228,-12.282784803607672,-17.430140094973325,-7.333721426247175
37,218,-5.773375458773167,-12.421518091316685,0.894505573102089
21,210,-3.2896583106945987,-9.035269934708523,1.9672289170847623
1,170,-2.94945918459808,-8.416940103186354,2.205641160775307
47,126,-3.630982266506122,-8.812511543021929,1.2540135837549649
12,113,-9.397703743173945,-13.881328583908415,-3.0953291846245734
13,91,-7.262100444866427,-14.729246916540294,0.7915540536232557
51,87,-1.8007422821382013,-9.164054944899691,4.1835310842502915
45,38,-9.555617506511748,-16.33506898756133,-5.256602521603815
28,37,-7.797219313272374,,
5,28,-22.29228685923095,-40.690648961143324,-7.196895618394961
48,27,-9.489099144544532,,
22,18,-10.940644921420805,,
