species,n,bias_pct,mean_old_ft,mean_new_ft
Douglas-fir,54755,0.22684369128089799,82.59545247009406,81.01677848826459
lodgepole pine,15370,0.7342626179909439,40.824333116460636,39.21375035686412
ponderosa pine,15187,-0.21964724677764336,56.883650490551126,55.40222843514604
western hemlock,14713,1.7557175942514824,62.60864541561884,60.359985080342845
white fir,9645,1.9460458451943552,64.67858994297563,62.189863659620336
Pacific silver fir,6866,-0.2802449935634277,53.191086513253715,52.240351163072894
tanoak,6433,1.144166812405878,44.21622882014612,42.57213620557954
grand fir,5471,-1.5303231333810174,51.716687991226465,51.675350874693116
canyon live oak,5430,1.1511866401582305,28.584530386740333,27.408416244132344
red alder,4910,0.7149624746906724,60.702851323828924,59.4616860904765
mountain hemlock,4245,0.7036334770963881,49.56325088339223,47.91705448229241
redwood,3966,2.143631555968639,90.87947554210791,87.26797444855274
