statecd,n_plots,n_forest,n_strata,n_strata_lt2,forest_acres_M,total_MMT_C,mean_tC_per_acre,se_mean,ci_lo,ci_hi,wmean,wsd,wcv,unweighted_mean,unweighted_cv,name
1,5597,4143,25,0,24.993743504616006,746.744753392717,29.87726721508538,0.2890035278126923,29.3108203005725,30.443714129598256,29.87726721508537,19.663064112133696,0.6581279328721735,29.868594733439746,0.6585008856268836,Alabama
2,7718,2093,299,0,13.05140996061854,523.224173120916,40.08947498390581,0.7346318649423714,38.64959652861876,41.52935343919286,40.089474983905774,38.47739394889173,0.9597879234970969,39.829314968958215,0.959613405063284,Alaska
4,11896,3137,75,0,19.567069458911256,178.45341923509523,9.120089219789824,0.1635008179992987,8.799627616511199,9.440550823068449,9.120089219789822,11.833951432624918,1.297569699970286,9.540774203425283,1.2729514538555045,Arizona
5,5665,3486,28,0,21.028879848079452,619.9807926513341,29.482349850791337,0.29561331757831866,28.902947748337834,30.06175195324484,29.482349850791326,18.77753707365901,0.6369077488290849,29.54373679892933,0.6375204415990141,Arkansas
6,16778,5061,329,0,32.83396204811214,1269.05178954794,38.65058343212975,0.4899761261873203,37.690230224802605,39.610936639456895,38.65058343212974,44.01069504618194,1.13868126010218,39.88224220292378,1.121657656621903,California
8,10812,3774,222,0,23.736323918440007,356.68775697085533,15.027084994140807,0.19925925866308972,14.636536847161151,15.417633141120463,15.027084994140806,14.55142525358165,0.9683465062755272,15.29897917121427,0.9538818437831221,Colorado
9,488,306,8,0,2.069462275847906,85.59283832419032,41.35994133506057,1.2576784534653693,38.89489156626844,43.824991103852696,41.35994133506056,23.55831329661388,0.5695925220436336,41.06768055521488,0.5816812991028723,Connecticut
10,381,114,7,0,0.41194840646255465,16.3890056742686,39.78412203363707,2.1872036787686646,35.49720282325048,44.071041244023654,39.78412203363707,24.928266026004707,0.6265883159348876,39.6784080843882,0.6533983902450923,Delaware
12,7019,3045,24,0,17.828094380828755,421.0984072203901,23.619933697076092,0.3659302960911282,22.90271031673748,24.337157077414705,23.619933697076085,20.845607896903847,0.8825430318411236,23.628833635924458,0.8783249839222345,Florida
13,6570,4629,23,0,26.305632214987703,785.2995012327706,29.85290354608334,0.2954080961701814,29.273903677589786,30.431903414576894,29.852903546083322,22.00528505508432,0.7371237782989922,31.798485495552942,0.7214322896496678,Georgia
15,1085,323,39,0,1.8870891701309536,57.354443089393584,30.393075217221188,2.368876077260671,25.750078105790273,35.036072328652104,30.393075217221188,43.722441594253674,1.4385658996915145,31.627771328358765,1.4038087286147052,Hawaii
16,8761,3475,147,0,21.347046034112502,554.5913680309284,25.979771025213203,0.3712234491299588,25.252173064918484,26.707368985507923,25.979771025213207,25.16638945044374,0.968691734273559,26.052765962293954,0.9727118825840037,Idaho
17,5924,1044,27,0,6.65659522817226,194.84196173168357,29.27051368649652,0.592673000238719,28.108874606028632,30.43215276696441,29.270513686496503,20.838639945684424,0.711932840293746,30.83103594084283,0.7067910960082169,Illinois
18,3751,930,34,0,6.099720327727122,232.47539186643698,38.11246735521429,0.800237910757861,36.544001050128884,39.6809336602997,38.11246735521429,26.461703000453102,0.6943056914637878,39.38811270580863,0.6915876561091262,Indiana
19,5962,599,29,0,3.992536747463856,93.31546355083599,23.3724745577137,0.6777018279169017,22.044178974996573,24.70077014043083,23.372474557713698,18.251248215047806,0.78088642988914,23.209192636980667,0.7901790039195776,Iowa
20,8713,559,22,0,3.74984517315815,63.2139572615657,16.857751278388488,0.5804252030975183,15.720117880317352,17.995384676459622,16.85775127838849,15.05418746771069,0.8930127879517386,16.48540349697772,0.9063398368097464,Kansas
21,4217,2377,29,0,14.930169531757988,519.2073510625369,34.77571704448031,0.40229711900985965,33.987214691220984,35.564219397739635,34.7757170444803,21.708382270806,0.6242396739954961,34.70957959875662,0.6260107739763616,Kentucky
22,5378,2515,26,0,16.083809552106572,449.84647249399063,27.96890071575562,0.3523151488533499,27.278363024003053,28.659438407508187,27.968900715755616,18.939607585902355,0.6771666780322609,27.982840549596244,0.6806602582291025,Louisiana
23,3491,3088,63,0,18.528378647160746,493.1637949221684,26.616672959548993,0.23932091658636015,26.147603963039728,27.085741956058257,26.616672959548993,14.83342079884452,0.5572980823481503,26.928254414755298,0.5503686382812644,Maine
24,972,410,25,0,2.9360060318996473,126.51808121070225,43.09190098252041,1.252998124467441,40.636024658564224,45.54777730647659,43.09190098252041,26.875254396298065,0.6236729822432204,42.56195044269511,0.6234691055473821,Maryland
25,794,527,10,0,3.5125189858327635,148.42099080652895,42.25485795383983,0.9591838888827724,40.3748575316296,44.13485837605006,42.254857953839824,23.81041606597039,0.5634953522262798,41.45037483972738,0.5748389555517347,Massachusetts
26,6459,4071,57,0,22.217062258261368,673.468689161709,30.313129671826033,0.32419676621462773,29.677704010045364,30.948555333606702,30.313129671826033,21.488532538178486,0.7088853170496149,32.200274121039584,0.6731869281092158,Michigan
27,17394,6048,57,0,19.850192305604,404.00447028902516,20.352672864280958,0.17180961684079538,20.015926015273,20.689419713288917,20.352672864280958,15.056046358546828,0.7397576946746028,20.075097211164383,0.7449401186271316,Minnesota
28,5491,3824,21,0,21.07972952223262,690.3719726065627,32.75051379945047,0.3519156173348942,32.060759189474076,33.44026840942686,32.750513799450474,22.254992244484676,0.6795310870774215,34.37362962367999,0.6657530386036793,Mississippi
29,7253,3082,46,0,19.081834124880196,522.5818215730395,27.38635176016239,0.2629857731863999,26.87089964471705,27.901803875607733,27.386351760162388,15.963248840631323,0.5828906668705065,28.12197328757848,0.5772121226530577,Missouri
30,15283,4107,230,0,26.640803369637638,523.6216849545348,19.654875931831064,0.2339461235144301,19.19634152974278,20.113410333919347,19.654875931831064,18.114857049646744,0.9216469802442121,20.27949814667613,0.9056870661335259,Montana
31,8234,288,14,0,1.9585319410241315,28.847382437377124,14.729084490852166,0.6724965970676705,13.410991160599533,16.0471778211048,14.729084490852165,13.071388730019622,0.887454256789545,14.4549957558975,0.9076020885674414,Nebraska
32,11386,1839,60,0,10.824462143319385,71.78205358083773,6.631466083988293,0.13749899061340076,6.361968062386028,6.900964105590559,6.6314660839882915,6.240648462864922,0.9410661811168723,6.603864699212806,0.9337148392366025,Nevada
33,1153,1038,17,0,5.175066796119461,203.14405863147195,39.25438388231049,0.6313368096615435,38.016963735373864,40.49180402924712,39.25438388231048,20.130458816067847,0.5128206540299158,39.57404622140489,0.4795813667796346,New Hampshire
34,1526,658,11,0,2.2882405887534443,77.72149206051415,33.965612026336004,0.7880483586746071,32.42103724333377,35.51018680933824,33.965612026336004,22.010438738806418,0.6480212610843028,33.50971089507852,0.6584963093252612,New Jersey
35,12103,3436,157,0,23.933627541656243,210.99284399491324,8.815748620959454,0.14200358840666746,8.537421587682385,9.094075654236523,8.815748620959452,10.815652424093946,1.2268558110175374,9.209316717433625,1.2098547461667524,New Mexico
36,4503,2903,74,0,20.97821391842535,780.7946420772608,37.219309761708644,0.3775708848324286,36.479270827437084,37.959348695980204,37.21930976170865,22.859694844993548,0.6141891128919236,36.64505009251342,0.6242851506541696,New York
37,5674,3472,22,0,21.2717276917787,745.3441793520454,35.03919334394794,0.37462906300395216,34.304920380460196,35.77346630743569,35.03919334394793,24.490549153388045,0.6989472877696291,35.05512340344818,0.6995916416906963,North Carolina
38,7585,184,9,0,1.2201864227494548,13.471023185421641,11.040135289382492,0.6611421680814464,9.744296639942858,12.335973938822127,11.040135289382496,10.217042745087424,0.925445429542276,11.135757421565613,0.9295368150496836,North Dakota
39,4058,1384,46,0,9.551596930676496,330.71597395320276,34.62415513902759,0.6254299146929251,33.39831250622946,35.84999777182573,34.62415513902757,24.565266987693736,0.709483506212815,35.05345974448898,0.7091080513966189,Ohio
40,7315,2191,26,0,13.697222783878043,229.42220484494348,16.749541747614625,0.24605685256436885,16.267270316588462,17.231813178640788,16.74954174761462,13.554581953167753,0.8092509130942716,16.82906770070968,0.8050501793228118,Oklahoma
41,15910,10220,197,0,30.219805708827973,1358.8866265669794,44.96675589711069,0.4333925655836955,44.117306468566646,45.81620532565473,44.96675589711067,48.44149868556875,1.0772735928829003,51.6203551346609,1.0069087197833613,Oregon
42,4435,2871,61,0,19.2032994456145,715.5503613717402,37.26184468446395,0.38992926624913316,36.497583322615654,38.02610604631225,37.261844684463945,22.724942464723863,0.609871643692371,38.05966668409246,0.6124050347500232,Pennsylvania
44,240,129,8,0,0.44649768675076035,16.759429597340358,37.53531114416645,1.8295193911113734,33.94945313758816,41.12116915074474,37.53531114416646,23.232427756755587,0.6189485859734575,35.494532643248746,0.6691935648981444,Rhode Island
45,3636,2577,13,0,14.123718322562496,436.9467776251372,30.937092318466817,0.4189211236770323,30.116006916059835,31.7581777208738,30.937092318466824,21.809848935938355,0.7049741039470514,32.33385728092828,0.6848193838450877,South Carolina
46,8294,415,18,0,2.323484170089526,28.66226316239995,12.335897757072114,0.43767578615876657,11.478053216200932,13.193742297943297,12.33589775707211,10.126079217538104,0.8208627711536335,12.340190675470545,0.8255052956777901,South Dakota
47,4616,2843,21,0,16.237844854211996,608.2211040695921,37.45700919859591,0.42048991316797213,36.63284896878669,38.281169428405136,37.457009198595905,23.33514289061627,0.6229846800339575,38.55102904161327,0.6115458607469623,Tennessee
48,3575,2001,8,0,12.53408542057094,339.330571739501,27.07262319934342,0.3983505201126244,26.291856179922675,27.85339021876416,27.07262319934341,18.839460657424706,0.6958860439457384,29.44560735464713,0.6946764686525564,Texas
49,8855,2993,135,0,18.8358038104469,176.90162828501443,9.391774838241812,0.16163658844554216,9.074967124888548,9.708582551595075,9.391774838241814,10.024546879112808,1.067375128957995,9.371219256745459,1.0620190614109408,Utah
50,1117,914,17,0,4.9162062809448255,188.57631811066395,38.35809714526915,0.6444601940013206,37.09495516502656,39.621239125511735,38.358097145269156,19.89537208988972,0.5186746364018604,39.05868354464273,0.4953836916188361,Vermont
51,4813,3257,26,0,18.00871794482089,719.0155012256092,39.92596826874009,0.4089735373458039,39.12438013554232,40.72755640193787,39.92596826874011,23.90954374095892,0.5988469354086726,40.76347140276769,0.5870624919101816,Virginia
53,9507,5619,160,0,22.61484751315121,1107.9741331587807,48.99321706743592,0.48632344893433266,48.04002310752463,49.94641102734721,48.993217067435936,46.38345493844063,0.9467321746721972,52.570481189974025,0.9208315743576732,Washington
54,2358,2004,26,0,13.125119039606739,570.1156780490555,43.43699103441714,0.542570924248976,42.37355202288915,44.50043004594513,43.43699103441714,24.457668204740674,0.5630608295441489,46.680851362557576,0.5483353548110418,West Virginia
55,11552,6137,62,0,19.526633812585725,522.2206046213872,26.7440158725563,0.2102144212579232,26.33199560689077,27.15603613822183,26.7440158725563,18.520649875889045,0.6925156627241699,26.872132410694096,0.6925156015028519,Wisconsin
56,10281,1770,97,0,11.237912978806664,172.11058273835116,15.315173116479082,0.2943055502083887,14.73833423807064,15.892011994887524,15.315173116479087,14.337984416932482,0.9361947336726378,15.617172428524434,0.925465375577043,Wyoming
60,439,59,6,0,0.043875549728977975,1.566773336830656,35.709486183277775,2.306663934801934,31.188424871065983,40.23054749548957,35.709486183277775,22.176231701829508,0.6210179443078716,36.05271442000582,0.6150495708667398,American Samoa
64,433,148,11,0,0.16156470758512922,7.712557149100434,47.73664536258112,4.798674959473602,38.331242442012865,57.14204828314938,47.73664536258112,46.78383177369357,0.9800402063938405,42.56402259936303,1.0271407694286974,Federated States of Micronesia
66,281,119,7,0,0.09594927480510737,1.3273088581908348,13.833443357303855,1.4097752582050225,11.070283851222012,16.596602863385698,13.83344335730386,12.495533454278121,0.9032843906994897,14.070157847199372,0.824625465629318,Guam
68,4778,71,8,0,0.0328209410062106,0.8048915064788843,24.523718144661885,3.64036731747745,17.388598202406083,31.658838086917687,24.52371814466189,20.994583698393996,0.8560930106336226,22.47348745351257,0.8904171456458692,Marshall Islands
69,155,34,5,0,0.06897549410467838,0.8800721861338356,12.759200895295121,1.5109971201565056,9.79764653978837,15.720755250801872,12.759200895295118,8.967836577695405,0.7028525258977811,13.043045361590325,0.7134150002135465,Commonwealth of the Northern Mariana Islands
70,313,56,4,0,0.10754855099619315,4.956037599703391,46.0818630636764,3.507845658522596,39.20648557297211,52.95724055438069,46.08186306367639,28.28890553826317,0.6138837203516114,47.14240893767567,0.5966193953615183,Palau
72,981,312,10,0,1.4544989083215234,24.6554843877697,16.951187963572877,0.7844784874896369,15.41361012809319,18.488765799052565,16.95118796357289,13.003406724286013,0.7671088747425591,16.186200161100743,0.7883332793046772,Puerto Rico
78,88,80,3,0,0.07434091749999999,0.8493205239955146,11.424670996231848,1.1046593931877704,9.259538585583819,13.589803406879877,11.424670996231848,10.402216886263048,0.9105047217284391,11.756909375674613,0.9178783509269399,United States Virgin Islands
