division,n_forest,n_plots_all,forest_acres_M,total_MMT_C,mean_tC_per_acre,se_mean,ci_lo,ci_hi,wmean,wsd,wcv,unweighted_mean,unweighted_cv,division_name
211,4132,5231,26.458389705815986,918.0262952493359,34.69698290246057,0.2976141184988377,34.11365923020285,35.28030657471829,34.69698290246057,21.146423102939092,0.6094599972102899,34.98984340242113,0.6141135449175208,Warm Continental
212,12445,17269,46.35474449379833,1207.5743840378304,26.050718156787344,0.15751952542766956,25.74197988694911,26.359456426625577,26.050718156787354,18.363932224428904,0.704929979814944,26.13844569601183,0.707052357648986,Warm Continental
221,6101,10064,40.500615001850264,1532.9333567588058,37.84963158432962,0.29603133104743057,37.26941017547666,38.429852993182585,37.84963158432963,24.21464168182925,0.639758979631773,37.7485606911521,0.6442582850695262,Hot Continental
222,4780,19603,22.818533644953593,626.4613919063983,27.45406000463762,0.3273650472851692,26.812424511958685,28.09569549731655,27.45406000463761,22.481786270607834,0.8188874893844537,25.526058382490383,0.8255402789882823,Hot Continental
223,6441,12609,39.14976739806846,1224.87043443424,31.286787019191117,0.23113050994031625,30.833771219708098,31.739802818674136,31.286787019191124,19.978964402517143,0.6385751400507239,32.128088732959206,0.6321837179495816,Hot Continental
231,13583,19445,80.86079892078104,2622.19420470822,32.42849736467694,0.17839375199343888,32.078845610769804,32.77814911858408,32.42849736467693,21.577018147342148,0.6653721233116751,33.04812077342854,0.661020235950716,Subtropical
232,14727,23662,85.55458662603718,2360.558083081216,27.591251108480225,0.16603677927159696,27.265819021107895,27.916683195852556,27.591251108480215,20.89451284324133,0.7572876184951022,28.186295675968132,0.7487917575889971,Subtropical
234,1473,4433,9.179017123533638,269.12599961948945,29.31969686923127,0.5377351469706256,28.26573598116884,30.373657757293696,29.319696869231276,21.856794329903657,0.7454645396706215,29.40484775746719,0.7567441397510735,Subtropical
242,566,1265,3.402385141640552,156.96736045231955,46.13450679973094,1.5402928078896787,43.11553289626717,49.15348070319472,46.13450679973096,38.5515048922807,0.8356327522830593,51.53915996591037,0.8413322872049585,Marine
251,2252,23598,14.742463130320866,336.0536414864563,22.794945357217397,0.3403252874668676,22.127907793782338,23.461982920652456,22.794945357217404,17.703529895648956,0.7766427871713941,22.125145521535217,0.7925825140756274,Prairie
255,1316,4203,8.428650484679329,131.20955152015546,15.567088914014612,0.31302077689358254,14.953568191303189,16.180609636726032,15.567088914014608,12.100157118425543,0.7772909363633245,15.490060546332389,0.7765997967687621,Prairie
261,172,1076,1.190892819172435,48.616407371243426,40.82349527057147,3.7477960190667177,33.4778150732007,48.16917546794224,40.82349527057146,51.893382571106365,1.271164613102467,40.88984421588092,1.2583495423768765,Mediterranean
262,21,2011,0.14366098373867422,1.8690156019466255,13.00990396492376,3.099921914977437,6.934057011567983,19.085750918279537,13.009903964923755,14.7148778739275,1.1310519980470692,13.29657863948502,1.185862482330943,Mediterranean
263,434,609,2.928876342993056,220.94309194079716,75.43612842152721,2.8116959577519736,69.92520434433335,80.94705249872108,75.43612842152716,62.00980553558059,0.8220173388151358,76.81826131846935,0.823787214654616,Mediterranean
313,3172,8603,20.084987432489168,165.09397097907313,8.21976969286123,0.14945122540600828,7.926845291065453,8.512694094657006,8.21976969286123,9.434538642027896,1.1477862512646404,8.358817891230656,1.1474819286358888,Tropical/Subtropical Steppe
315,300,3921,2.5584471099321693,6.912085871127559,2.701672371609361,0.16896495898718383,2.3705010519944807,3.032843691224241,2.7016723716093605,3.304031134528108,1.222957738787523,2.778527126285602,1.2763172530554168,Tropical/Subtropical Steppe
321,774,3992,5.000793869615605,12.824636834031015,2.564520187875051,0.17455487783805387,2.2223926273124652,2.9066477484376367,2.5645201878750514,5.277251787993738,2.057793037833889,2.770778830301773,2.1046922623391637,Tropical/Subtropical Steppe
322,400,9680,2.7897819620543336,12.697132121920284,4.551299095994727,0.22425174240182724,4.111765680887146,4.990832511102308,4.551299095994727,4.941073390063625,1.0856402283936712,4.720499690432479,1.0586855131779636,Tropical/Subtropical Desert
331,1339,31745,9.574503580315794,83.99819506788184,8.773112293839818,0.2488398090200058,8.285386268160606,9.26083831951903,8.773112293839818,10.063451621259174,1.147078856875614,8.977173426564963,1.164549871358393,Temperate Steppe
332,551,15140,3.633679560787097,43.672215807960924,12.01873062205326,0.498346848743472,11.041970798516054,12.995490445590466,12.01873062205326,12.966497678868548,1.0788575005646788,11.791258896129303,1.0921390180939679,Temperate Steppe
341,2060,11615,12.606493087487433,91.54445108525081,7.261690499486586,0.17731328404192753,6.914156462764408,7.609224536208764,7.261690499486584,8.563855006327014,1.1793197475067954,7.144211455692418,1.1686426319073489,Temperate Desert
342,1111,17058,6.455331950833477,53.96666629643529,8.360014125914534,0.2987736290007063,7.774417813073149,8.945610438755917,8.360014125914534,10.691587997513704,1.2788959248731067,8.413156611088002,1.268281094550135,Temperate Desert
411,138,754,1.2687173692905789,24.947805207371257,19.663800473797544,1.320115865258879,17.076373377890143,22.251227569704945,19.663800473797544,18.51646692645423,0.9416525025835081,19.80348281056485,0.9439781301260899,Savannah
M211,3887,4195,22.246621810612794,775.9140696335036,34.87783791350075,0.28439515161619133,34.320423416333014,35.43525241066848,34.877837913500734,18.883155140425362,0.5414084206497202,35.25336215196627,0.5248491686818982,Warm Continental
M221,5882,7422,32.54867957771778,1416.6991560987774,43.52554925357473,0.3104507829341594,42.91706571902378,44.13403278812568,43.52554925357473,23.98595027521674,0.5510774863627204,45.94286392051608,0.5329338600223991,Hot Continental
M223,561,691,3.418263927909642,103.7696785971806,30.357421423757202,0.6309482012249913,29.12076294935622,31.594079898158185,30.357421423757202,15.84659834255079,0.5220008024182683,30.44634525017208,0.5221936395951586,Hot Continental
M231,979,1186,6.003109083498265,166.2999454298069,27.70230277623023,0.4592040799678029,26.802262779493336,28.602342772967123,27.70230277623023,15.981662675205843,0.5769073713582684,27.839832943941627,0.5761900775954948,Subtropical
M242,9371,10326,30.412700379886783,1775.058461820623,58.36569721360702,0.5089152486265974,57.36822332629889,59.36317110091515,58.365697213607014,52.736899532579166,0.9035598313778802,64.24835194428549,0.8672230654307632,Marine
M261,5403,7501,29.704202234887365,1159.872338761424,39.04741590397478,0.503779312669784,38.060008451142004,40.03482335680756,39.04741590397476,42.16232922322189,1.0797725853845825,43.00598685129093,1.052334931487501,Mediterranean
M262,328,1976,2.195441507959498,22.44052175177644,10.221416362230148,0.6259090224143947,8.994634678297935,11.44819804616236,10.22141636223015,11.786018463109924,1.1530709683895906,10.244760634601588,1.1720520374454868,Mediterranean
M313,2060,3364,13.366666112818129,155.30880967730678,11.619113424877986,0.24296355835048275,11.142904850511039,12.095321999244932,11.619113424877986,13.062885594353643,1.1242583764079934,12.308713804951118,1.0907036052622454,Tropical/Subtropical Steppe
M331,5997,9441,37.79326736168508,653.4502938027654,17.290124390389042,0.17377159211499735,16.94953206984365,17.630716710934436,17.290124390389046,15.12788773475817,0.8749438345953842,17.485505219136595,0.8679350513319241,Temperate Desert
M332,6120,9530,28.46615505377417,622.7360743693667,21.876367679195987,0.24541230666584732,21.395359558130927,22.357375800261046,21.87636767919599,19.982138189969643,0.9134120656132634,23.630402946041382,0.8602788365699601,Temperate Desert
M333,3645,4296,19.974752660021693,599.8409395443236,30.02995580240002,0.3839417671075877,29.27742993886915,30.78248166593089,30.02995580240002,24.74066138270714,0.8238660604598641,31.09567060472517,0.7964820095977039,Temperate Desert
M334,362,531,2.0172139953197017,29.47658800047637,14.612524040021208,0.4971925282742786,13.638026684603622,15.587021395438795,14.612524040021205,10.774718701497473,0.7373619144774278,14.521130202123052,0.7486504453019265,Temperate Desert
M341,2240,5133,13.687738523383551,118.36314339489272,8.647384898000949,0.1565794881662931,8.340489101195015,8.954280694806883,8.64738489800095,8.089694544601242,0.9355076291875672,8.647422192587053,0.9368558005367202,Temperate Desert
