level,key,n_forest,wcv,unweighted_cv
state,1,4142,0.6582427255786671,0.6586139936050263
state,4,3133,1.2978410649106955,1.273179355864308
state,5,3474,0.6370160737683916,0.6376640902182049
state,6,5050,1.140002145914118,1.1227779088572316
state,8,3768,0.9682330758633511,0.9537054062970263
state,9,305,0.5662181530625069,0.5784615708409454
state,10,114,0.6265883159348876,0.6533983902450923
state,12,3008,0.8785586999796047,0.8746271594656565
state,13,4624,0.7369794207474561,0.7212841221318748
state,16,3472,0.9687213755057376,0.9727118356734094
state,17,1040,0.7129643390996886,0.7075464115895412
state,18,926,0.6921246857055421,0.6898019926635872
state,19,599,0.78088642988914,0.7901790039195776
state,20,559,0.8930127879517386,0.9063398368097464
state,21,2373,0.6241574826151025,0.6259395636901415
state,22,2509,0.6775239022154855,0.68101501797623
state,23,3047,0.5562638650892291,0.5490052026365689
state,24,404,0.6242833384479912,0.6241247378399253
state,25,524,0.560243473621068,0.5708893305153401
state,26,4043,0.7097705616927296,0.6741502206980721
state,27,6044,0.7398967778353694,0.7449596312483227
state,28,3821,0.6794543622814607,0.6657287427755835
state,29,3082,0.5828906668705065,0.5772121226530577
state,30,4107,0.9216469802442121,0.9056870661335259
state,31,288,0.887454256789545,0.9076020885674414
state,32,1838,0.9407563580502912,0.9334176044198249
state,33,1036,0.512056508181672,0.47899282382924413
state,34,657,0.6466405239149152,0.6568548350924757
state,35,3430,1.225908191991441,1.2092012224714614
state,36,2883,0.6121190576463917,0.6223052896857998
state,37,3452,0.6984039562609148,0.699028622022978
state,38,184,0.925445429542276,0.9295368150496836
state,39,1383,0.7094123791518484,0.7090227278033838
state,40,2186,0.8095397462326692,0.8052780365163976
state,41,10196,1.0780652792764112,1.0068108107847635
state,42,2867,0.6095344996742194,0.6120735704126117
state,44,127,0.6202859403415225,0.670157858986433
state,45,2573,0.7052063075486941,0.6850066480839896
state,46,415,0.8208627711536335,0.8255052956777901
state,47,2830,0.6231233375328576,0.6117396078501122
state,48,1998,0.6953701481430676,0.6941987551022445
state,49,2987,1.067819126242665,1.0625073831059562
state,50,910,0.5170355478481198,0.49268058274470033
state,51,3239,0.5977588656132472,0.5859969393185055
state,53,5587,0.9476719010727548,0.9213931873859429
state,54,2004,0.5630608295441489,0.5483353548110418
state,55,6116,0.6924715788926523,0.6925088549195322
state,56,1769,0.9359065693415094,0.9252529271815985
division,211,4132,0.6094599972102899,0.6141135449175208
division,212,12445,0.704929979814944,0.707052357648986
division,221,6101,0.639758979631773,0.6442582850695262
division,222,4780,0.8188874893844537,0.8255402789882823
division,223,6441,0.6385751400507239,0.6321837179495816
division,231,13583,0.6653721233116751,0.661020235950716
division,232,14727,0.7572876184951022,0.7487917575889971
division,234,1473,0.7454645396706215,0.7567441397510735
division,242,566,0.8356327522830593,0.8413322872049585
division,251,2252,0.7766427871713941,0.7925825140756274
division,255,1316,0.7772909363633245,0.7765997967687621
division,261,172,1.271164613102467,1.2583495423768765
division,263,434,0.8220173388151358,0.823787214654616
division,313,3172,1.1477862512646404,1.1474819286358888
division,315,300,1.222957738787523,1.2763172530554168
division,321,774,2.057793037833889,2.1046922623391637
division,322,400,1.0856402283936712,1.0586855131779636
division,331,1339,1.147078856875614,1.164549871358393
division,332,551,1.0788575005646788,1.0921390180939679
division,341,2060,1.1793197475067954,1.1686426319073489
division,342,1111,1.2788959248731067,1.268281094550135
division,411,138,0.9416525025835081,0.9439781301260899
division,M211,3887,0.5414084206497202,0.5248491686818982
division,M221,5882,0.5510774863627204,0.5329338600223991
division,M223,561,0.5220008024182683,0.5221936395951586
division,M231,979,0.5769073713582684,0.5761900775954948
division,M242,9371,0.9035598313778802,0.8672230654307632
division,M261,5403,1.0797725853845825,1.052334931487501
division,M262,328,1.1530709683895906,1.1720520374454868
division,M313,2060,1.1242583764079934,1.0907036052622454
division,M331,5997,0.8749438345953842,0.8679350513319241
division,M332,6120,0.9134120656132634,0.8602788365699601
division,M333,3645,0.8238660604598641,0.7964820095977039
division,M334,362,0.7373619144774278,0.7486504453019265
division,M341,2240,0.9355076291875672,0.9368558005367202
national,all,125123,0.9296523257604788,0.9602118128170284
