A,B,z,p_raw,p_holm
211,234,8.995637728533167,0.0,0.0
211,242,-4.864565114520939,1.1470874010655052e-06,0.0001101203905022885
211,251,22.13664283575362,0.0,0.0
211,255,28.511515961754473,0.0,0.0
211,261,4.691636022652264,2.710289849439107e-06,0.00024934666614839784
211,263,-12.834581189492779,0.0,0.0
211,313,57.62676910758839,0.0,0.0
211,315,29.589484818965044,0.0,0.0
211,321,45.73290837346725,0.0,0.0
211,322,30.638111736674663,0.0,0.0
211,331,42.30002533178412,0.0,0.0
211,332,25.535973410438682,0.0,0.0
211,341,53.301586716297756,0.0,0.0
211,342,40.694865562510415,0.0,0.0
211,411,8.514759793087935,0.0,0.0
211,M211,-3.025058329187615,0.0024858518107229166,0.13175014596831458
211,M223,2.524651028487066,0.011581322951141448,0.5327408557525066
211,M231,6.91622429955985,4.638289752278979e-12,6.67913724328173e-10
211,M262,21.987518412156145,0.0,0.0
211,M313,41.95896637585615,0.0,0.0
211,M333,10.712235933232723,0.0,0.0
211,M334,17.25395509014859,0.0,0.0
211,M341,50.42131642008731,0.0,0.0
212,211,-20.962434379566947,0.0,0.0
212,221,-28.08977417486973,0.0,0.0
212,222,4.635772960132959,3.5560611733043146e-06,0.00032360156677069263
212,223,-17.76707414732494,0.0,0.0
212,234,-3.752122038685227,0.0001753440664820083,0.012800116853186605
212,242,-13.830215300222877,0.0,0.0
212,251,8.884295895523133,0.0,0.0
212,255,18.14946191071576,0.0,0.0
212,261,-0.14677088187324022,0.8833128686436764,1.0
212,263,-20.97009965716629,0.0,0.0
212,313,49.47214368861572,0.0,0.0
212,315,23.840236560541253,0.0,0.0
212,321,38.19175776419482,0.0,0.0
212,322,24.173971812317692,0.0,0.0
212,331,33.162829006645325,0.0,0.0
212,332,17.957367203038253,0.0,0.0
212,341,44.61553415875284,0.0,0.0
212,342,31.901857884255616,0.0,0.0
212,411,4.211128089082782,2.5409861223346653e-05,0.002109018481537772
212,M211,-24.162078567277153,0.0,0.0
212,M221,-47.509649589654984,0.0,0.0
212,M223,-6.088236413949241,1.1416121381557787e-09,1.4041829299316078e-07
212,M231,-3.9324933637405293,8.406930135373969e-05,0.006389266902884216
212,M242,-53.872376179023995,0.0,0.0
212,M261,-15.892442831125244,0.0,0.0
212,M262,15.82004073039195,0.0,0.0
212,M313,31.754162244806693,0.0,0.0
212,M331,28.271259441040197,0.0,0.0
212,M332,10.63269455558189,0.0,0.0
212,M333,-7.059283028988302,1.673550187319961e-12,2.4266477716139434e-10
212,M334,10.678729177165557,0.0,0.0
212,M341,41.242712968464325,0.0,0.0
221,211,3.1090338119910617,0.0018770023662604274,0.10698913487684436
221,222,26.81155504645589,0.0,0.0
221,234,11.560911293375169,0.0,0.0
221,242,-3.536413391018789,0.00040559946865714736,0.028391962806000315
221,251,26.05611218857328,0.0,0.0
221,255,31.753301852950372,0.0,0.0
221,261,5.532351495879442,3.1596592453553285e-08,3.444028577437308e-06
221,263,-11.775220211456553,0.0,0.0
221,313,65.00780560673078,0.0,0.0
221,315,30.97729365980542,0.0,0.0
221,321,48.58527355665425,0.0,0.0
221,322,32.29765391249096,0.0,0.0
221,331,46.15221150510921,0.0,0.0
221,332,27.443210957300995,0.0,0.0
221,341,58.874410030572925,0.0,0.0
221,342,44.082411909413004,0.0,0.0
221,411,9.287176413614214,0.0,0.0
221,M211,-0.24141846751573595,0.8092308009745741,1.0
221,M221,-17.113866388005047,0.0,0.0
221,M223,3.994602780221761,6.480280553522455e-05,0.00498981602621229
221,M231,8.959824485682184,0.0,0.0
221,M261,9.640033518522523,0.0,0.0
221,M262,23.358317129393182,0.0,0.0
221,M313,46.86898509556478,0.0,0.0
221,M331,48.5823934644312,0.0,0.0
221,M333,14.619829916467877,0.0,0.0
221,M334,18.640633273290835,0.0,0.0
221,M341,56.085967887496786,0.0,0.0
222,211,-21.431978063582036,0.0,0.0
222,234,-6.1163124002204965,9.57655066358143e-10,1.1874922822840972e-07
222,242,-15.146280139877424,0.0,0.0
222,251,4.873647150302782,1.0955659444089605e-06,0.00010626989660766917
222,255,14.36582834277793,0.0,0.0
222,261,-1.1616242472556386,0.24538812845149227,1.0
222,263,-21.99898199384196,0.0,0.0
222,313,39.5227266257084,0.0,0.0
222,315,22.077296890280838,0.0,0.0
222,321,34.47996969211789,0.0,0.0
222,322,22.076557419222013,0.0,0.0
222,331,28.295922495679406,0.0,0.0
222,332,15.62301571849427,0.0,0.0
222,341,37.27250731070215,0.0,0.0
222,342,27.62341935733864,0.0,0.0
222,411,3.2609936204240286,0.0011102253813741747,0.06948955852695948
222,M211,-24.20827059075847,0.0,0.0
222,M223,-7.655571938490767,1.9317880628477724e-14,3.071543019927958e-12
222,M231,-5.96958505204485,2.3785773350937234e-09,2.8780785754634053e-07
222,M262,14.122023409541443,0.0,0.0
222,M313,25.665116406410856,0.0,0.0
222,M333,-9.633331684283561,0.0,0.0
222,M334,8.997566232712146,0.0,0.0
222,M341,33.88775314266784,0.0,0.0
223,211,-5.200536827063714,1.987137392411853e-07,2.02688014026009e-05
223,221,-9.308314159791797,0.0,0.0
223,222,18.417256249439205,0.0,0.0
223,234,5.862905358895284,4.548375009960637e-09,5.367082511753551e-07
223,242,-7.337479695920059,2.1760371282653068e-13,3.3075764349632664e-11
223,251,19.450654584387433,0.0,0.0
223,255,26.405938182064983,0.0,0.0
223,261,3.383979854711438,0.0007144324491561438,0.04715254164430549
223,263,-15.149137559681972,0.0,0.0
223,313,57.9363965953931,0.0,0.0
223,315,28.20020418114463,0.0,0.0
223,321,44.35903152943469,0.0,0.0
223,322,29.123045231835775,0.0,0.0
223,331,40.83627033849619,0.0,0.0
223,332,23.756877261683094,0.0,0.0
223,341,52.70080290245166,0.0,0.0
223,342,39.1438070011513,0.0,0.0
223,411,7.359684574188124,1.8429702208777599e-13,2.8197444379429726e-11
223,M211,-8.431470253354583,0.0,0.0
223,M221,-26.560568706759984,0.0,0.0
223,M223,0.2258383193209179,0.8213271723874207,1.0
223,M231,4.144919788735515,3.399326796205138e-05,0.0027534547049261615
223,M261,0.7477037929837324,0.4546388428153141,1.0
223,M262,20.45199120335769,0.0,0.0
223,M313,40.61458681815291,0.0,0.0
223,M331,39.96362323229052,0.0,0.0
223,M332,24.57695559158203,0.0,0.0
223,M333,6.743198280806108,1.5493828442458835e-11,2.169135981944237e-09
223,M334,15.58961811461596,0.0,0.0
223,M341,49.708356149674294,0.0,0.0
231,211,-5.351339682429576,8.730546374735582e-08,9.16707369347236e-06
231,212,22.669581151023802,0.0,0.0
231,221,-10.233064897236407,0.0,0.0
231,222,21.41725597124157,0.0,0.0
231,223,0.5673012210881894,0.5705095475691668,1.0
231,234,6.485596827908818,8.838130227672991e-11,1.1401187993698159e-08
231,242,-7.298387647642638,2.913225216616411e-13,4.39897007709078e-11
231,251,21.305382599615346,0.0,0.0
231,255,27.966129277543672,0.0,0.0
231,261,3.5192120017501507,0.00043283068483823683,0.02986531725383834
231,263,-15.230987443516694,0.0,0.0
231,313,64.16316623573451,0.0,0.0
231,315,28.68309507237478,0.0,0.0
231,321,45.89789021760871,0.0,0.0
231,322,29.75050095086184,0.0,0.0
231,331,43.11932597030021,0.0,0.0
231,332,24.462406857916886,0.0,0.0
231,341,56.780428317166525,0.0,0.0
231,342,41.0266958212183,0.0,0.0
231,411,7.5009225096778485,6.328271240363392e-14,9.872103134966892e-12
231,M211,-8.94244301590671,0.0,0.0
231,M221,-30.139629792425026,0.0,0.0
231,M223,0.42995955834841504,0.6672250598041063,1.0
231,M231,4.555992275830308,5.213885232668858e-06,0.0004588219004748595
231,M242,-33.92132487514944,0.0,0.0
231,M261,1.391193805017933,0.1641666653069982,1.0
231,M262,20.87121337775061,0.0,0.0
231,M313,43.841850542141145,0.0,0.0
231,M331,46.80817713414293,0.0,0.0
231,M332,29.054212940931706,0.0,0.0
231,M333,7.952633005117629,1.7763568394002505e-15,2.859934511434403e-13
231,M334,15.973555060622445,0.0,0.0
231,M341,53.84399640350324,0.0,0.0
232,211,-18.094867531261315,0.0,0.0
232,212,4.748827038211667,2.0459982523757247e-06,0.0001902778374709424
232,221,-25.036540926020297,0.0,0.0
232,222,8.212285338125888,2.220446049250313e-16,3.6637359812630166e-14
232,223,-14.385329896191406,0.0,0.0
232,231,-18.785317714803043,0.0,0.0
232,234,-1.6673795606877841,0.0954389554694064,1.0
232,242,-12.52713416201953,0.0,0.0
232,251,11.547194787595872,0.0,0.0
232,255,20.295166760661097,0.0,0.0
232,261,0.6070113929675488,0.5438433513406828,1.0
232,263,-19.837845943612958,0.0,0.0
232,313,53.22347378369029,0.0,0.0
232,315,24.875290931242954,0.0,0.0
232,321,39.93417902316648,0.0,0.0
232,322,25.373553840821053,0.0,0.0
232,331,35.44102437372597,0.0,0.0
232,332,19.349223203030817,0.0,0.0
232,341,47.57278817075335,0.0,0.0
232,342,33.96484974999262,0.0,0.0
232,411,4.890804404024654,1.0042472016191795e-06,9.841622575867959e-05
232,M211,-21.413783569240042,0.0,0.0
232,M221,-44.98826877344996,0.0,0.0
232,M223,-4.764510163031684,1.8931297611768372e-06,0.0001779541975506227
232,M231,-2.203007546955413,0.027594216720636222,1.0
232,M242,-51.38426896030742,0.0,0.0
232,M261,-12.643489804361668,0.0,0.0
232,M262,16.887338810764238,0.0,0.0
232,M313,34.56752001777854,0.0,0.0
232,M331,32.786303960511844,0.0,0.0
232,M332,14.717051038738356,0.0,0.0
232,M333,-4.061038644382213,4.88548831532043e-05,0.0038595357691031396
232,M334,11.789052458987166,0.0,0.0
232,M341,44.288529969795086,0.0,0.0
234,242,-9.928727938470411,0.0,0.0
234,255,16.595402646272795,0.0,0.0
234,261,1.1432241621957233,0.25294553278373466,1.0
234,263,-16.855713497845205,0.0,0.0
234,315,23.62244638972278,0.0,0.0
234,321,34.198037784930065,0.0,0.0
234,322,23.613313197873126,0.0,0.0
234,331,27.998231302763717,0.0,0.0
234,332,17.72507641367633,0.0,0.0
234,342,27.74033240147936,0.0,0.0
234,411,5.210330811878886,1.8850421246163762e-07,1.9415933883548675e-05
234,M223,-3.2126492025493363,0.0013151681733651888,0.07891009040191133
234,M231,-0.6583173360971823,0.5103342405323257,1.0
234,M262,16.187784181167604,0.0,0.0
234,M334,11.468150193847295,0.0,0.0
242,261,6.697469724815454,2.1205925904155265e-11,2.9264177747734266e-09
242,263,-6.733113412420279,1.660716009155294e-11,2.308395252725859e-09
242,315,27.82755184652068,0.0,0.0
242,322,27.89883393431452,0.0,0.0
242,332,22.994646814868602,0.0,0.0
242,411,10.057723303204854,0.0,0.0
242,M223,5.5663979693146555,2.6005893660752122e-08,2.8866541963434855e-06
242,M262,21.318066154845237,0.0,0.0
242,M334,17.29235281615724,0.0,0.0
251,234,-9.156490570837896,0.0,0.0
251,242,-16.96846356081038,0.0,0.0
251,255,9.298749879307861,0.0,0.0
251,261,-2.7142458666591947,0.006642684513527897,0.31884885664933904
251,263,-23.414179716698552,0.0,0.0
251,315,19.353249687664707,0.0,0.0
251,321,29.073489180907224,0.0,0.0
251,322,18.882004531824933,0.0,0.0
251,331,21.74321506000203,0.0,0.0
251,332,12.167768794024807,0.0,0.0
251,341,28.13586270100231,0.0,0.0
251,342,21.69690511010157,0.0,0.0
251,411,1.790385589949041,0.07339194526183812,1.0
251,M223,-9.880426928181175,0.0,0.0
251,M231,-8.724291353547402,0.0,0.0
251,M262,11.531317828073217,0.0,0.0
251,M313,18.101413699750122,0.0,0.0
251,M334,6.462018605596277,1.0331535627017274e-10,1.3224365602582111e-08
251,M341,24.90351007666223,0.0,0.0
255,242,-22.291320187380656,0.0,0.0
255,261,-6.627623959838976,3.4113378788447335e-11,4.571192757651943e-09
255,263,-28.00343820742623,0.0,0.0
255,315,13.548579310332899,0.0,0.0
255,321,19.619723757446565,0.0,0.0
255,322,12.293044257554811,0.0,0.0
255,332,5.038567174938278,4.6902980566088104e-07,4.643395076042722e-05
255,342,11.604974117522858,0.0,0.0
255,411,-1.8511536297442017,0.06414745456728888,1.0
255,M223,-15.645242034971423,0.0,0.0
255,M231,-15.557745366066484,0.0,0.0
255,M262,5.814822974146154,6.069808655695397e-09,6.980279954049706e-07
255,M334,0.7291103961791268,0.4659341357582707,1.0
261,411,3.2527079081630292,0.0011431093602278786,0.06972967097390059
263,261,11.24000463255173,0.0,0.0
263,315,32.189724885778034,0.0,0.0
263,322,32.49032382722842,0.0,0.0
263,411,14.166591368348351,0.0,0.0
263,M262,26.09149203619365,0.0,0.0
263,M334,22.385031640341776,0.0,0.0
313,234,-34.48733670175522,0.0,0.0
313,242,-34.59173976500009,0.0,0.0
313,251,-28.326484858711325,0.0,0.0
313,255,-13.965139782195777,0.0,0.0
313,261,-12.712712276260085,0.0,0.0
313,263,-39.23395914832058,0.0,0.0
313,315,6.769582878307448,1.2915446490069371e-11,1.8210779550997813e-09
313,321,10.746150364694005,0.0,0.0
313,322,4.598063840131824,4.264353391958409e-06,0.00037952745188429837
313,331,-0.9270969063003547,0.35387622227535154,1.0
313,332,-4.381892176204064,1.1765303465693933e-05,0.0009882854911182903
313,341,2.729653742630689,0.006340087855492005,0.31066430491910824
313,342,0.4277227973422959,0.6688529501974223,1.0
313,411,-7.17065975152412,7.462919171530302e-13,1.1045120373864847e-10
313,M223,-27.221215856672394,0.0,0.0
313,M231,-30.484202173368075,0.0,0.0
313,M262,-1.7077309125326168,0.08768628350749186,1.0
313,M313,-8.081733786834967,6.661338147750939e-16,1.092459456231154e-13
313,M334,-7.474005911974927,7.771561172376096e-14,1.2045919817182948e-11
313,M341,-1.3554666918218092,0.17526891378883658,1.0
315,261,-14.681669493170132,0.0,0.0
315,411,-10.037660246921224,0.0,0.0
321,242,-36.32901410381224,0.0,0.0
321,261,-16.917468021458404,0.0,0.0
321,263,-40.66878793640052,0.0,0.0
321,315,-0.32218234976833265,0.7473145550303066,1.0
321,322,-3.034304238548084,0.0024109116498070016,0.13018922908957808
321,332,-11.357475684541692,0.0,0.0
321,411,-11.410442796131655,0.0,0.0
321,M223,-30.255081493224232,0.0,0.0
321,M262,-8.042367093357093,8.881784197001252e-16,1.4477308241112041e-13
321,M334,-13.277774412653278,0.0,0.0
322,261,-13.590983231940003,0.0,0.0
322,315,2.1595491607741075,0.030807587703896022,1.0
322,411,-8.787273824375301,0.0,0.0
322,M262,-4.6048738201843245,4.1271602566617105e-06,0.00037144442309955394
322,M334,-9.07885108712126,0.0,0.0
331,242,-30.879794340755744,0.0,0.0
331,255,-11.01839281253953,0.0,0.0
331,261,-11.914464306927856,0.0,0.0
331,263,-35.80634318367606,0.0,0.0
331,315,6.874567912171932,6.217693027110727e-12,8.891301028768339e-10
331,321,10.210390821090074,0.0,0.0
331,322,4.811828854405395,1.4955539975325394e-06,0.00014207762976559124
331,332,-3.3988221780426744,0.0006767670200398257,0.04534339034266832
331,342,1.111939368842346,0.2661642201834502,1.0
331,411,-6.636451761871305,3.2132296823306206e-11,4.337860071146338e-09
331,M223,-24.189635048287652,0.0,0.0
331,M231,-25.78590792121667,0.0,0.0
331,M262,-1.11730072575547,0.2638657652912155,1.0
331,M334,-6.489327122386776,8.622058622620443e-11,1.1208676209406576e-08
332,261,-9.079466652902408,0.0,0.0
332,263,-28.13601145112281,0.0,0.0
332,315,8.517593790641103,0.0,0.0
332,322,6.79286559648613,1.0992762256023525e-11,1.5609722403553405e-09
332,411,-4.425901305344509,9.604042995103867e-06,0.0008163436545838287
332,M262,1.479645958942205,0.1389677545750061,1.0
332,M334,-3.1393513531514534,0.0016932229497066409,0.09820693108298517
341,234,-34.13110428089315,0.0,0.0
341,242,-34.88674855390341,0.0,0.0
341,255,-15.164677931630408,0.0,0.0
341,261,-13.512996581425416,0.0,0.0
341,263,-39.48081411399198,0.0,0.0
341,315,5.367113101648722,8.000688977993775e-08,8.480730316673402e-06
341,321,8.386684226787018,0.0,0.0
341,322,3.051454741204016,0.002277353784412517,0.12525445814268843
341,331,-3.0610410781371113,0.0022056883124614846,0.12351854549784314
341,332,-5.827140962940298,5.638498334903375e-09,6.540658068487915e-07
341,342,-1.6744799295095947,0.09403631566659576,1.0
341,411,-7.969723638270799,1.5543122344752192e-15,2.517985819849855e-13
341,M223,-27.801918148414757,0.0,0.0
341,M231,-30.70106153759175,0.0,0.0
341,M262,-2.9653642650161003,0.0030232472364444263,0.15720885629511017
341,M313,-9.818241612090503,0.0,0.0
341,M334,-8.63088457500814,0.0,0.0
342,242,-30.85314921782671,0.0,0.0
342,261,-12.328403532654772,0.0,0.0
342,263,-35.736688637418716,0.0,0.0
342,315,6.055440483392002,1.4003393999928448e-09,1.7084140679912707e-07
342,321,8.883178905269306,0.0,0.0
342,322,3.9282518292500868,8.556558654126967e-05,0.006417418990595225
342,332,-4.167526910176008,3.079221709190172e-05,0.002524961801535941
342,411,-7.073684173432523,1.5087930904655877e-12,2.202837912079758e-10
342,M223,-24.35970829115916,0.0,0.0
342,M231,-25.76560491634532,0.0,0.0
342,M262,-1.8134962447782839,0.06975531727618445,1.0
342,M334,-7.097733862066212,1.2680967387268538e-12,1.864102205928475e-10
M211,234,11.13123458212742,0.0,0.0
M211,242,-3.343764974333891,0.0008264972366462953,0.05372232038200919
M211,251,24.446975757063363,0.0,0.0
M211,255,30.416321827485067,0.0,0.0
M211,261,5.553236162830049,2.8042879796075226e-08,3.084716777568275e-06
M211,263,-11.46073723763957,0.0,0.0
M211,313,59.67882546257576,0.0,0.0
M211,315,30.654599845035214,0.0,0.0
M211,321,47.22449818804318,0.0,0.0
M211,322,31.840505324992904,0.0,0.0
M211,331,44.1106228116929,0.0,0.0
M211,332,26.92670281395075,0.0,0.0
M211,341,55.231638052842776,0.0,0.0
M211,342,42.41267623128423,0.0,0.0
M211,411,9.286416130233977,0.0,0.0
M211,M223,4.011817379226106,6.0253103337570835e-05,0.004699742060330525
M211,M231,8.765096453182144,0.0,0.0
M211,M262,23.11231308414944,0.0,0.0
M211,M313,44.006103936090945,0.0,0.0
M211,M333,13.489045769610454,0.0,0.0
M211,M334,18.440375270843038,0.0,0.0
M211,M341,52.419906488831046,0.0,0.0
M221,211,18.49252194008661,0.0,0.0
M221,222,42.65418411558088,0.0,0.0
M221,234,22.252758377502783,0.0,0.0
M221,242,3.575177207988837,0.0003499907541966163,0.024849343547959757
M221,251,38.54640536924548,0.0,0.0
M221,255,41.904331372750185,0.0,0.0
M221,261,9.572247470257926,0.0,0.0
M221,263,-5.473533542190045,4.411493348399631e-08,4.7644128162716015e-06
M221,313,78.79410125226042,0.0,0.0
M221,315,36.233860104843856,0.0,0.0
M221,321,56.662653155880115,0.0,0.0
M221,322,38.31289701518862,0.0,0.0
M221,331,56.32649360943701,0.0,0.0
M221,332,34.4203816525031,0.0,0.0
M221,341,70.81484685037381,0.0,0.0
M221,342,53.51648508281472,0.0,0.0
M221,411,12.914734643501134,0.0,0.0
M221,M211,14.889395271038657,0.0,0.0
M221,M223,11.065658023161793,0.0,0.0
M221,M231,17.9968457009409,0.0,0.0
M221,M261,26.152595880889564,0.0,0.0
M221,M262,28.848319930574842,0.0,0.0
M221,M313,58.86544182556636,0.0,0.0
M221,M333,29.35455380656791,0.0,0.0
M221,M334,24.396243518294533,0.0,0.0
M221,M341,68.40337410992032,0.0,0.0
M223,261,2.8856509564490405,0.0039060508949269046,0.19920859564127213
M223,263,-11.907667259056613,0.0,0.0
M223,315,23.14822628134251,0.0,0.0
M223,322,22.779965463555527,0.0,0.0
M223,332,17.415203821818114,0.0,0.0
M223,411,6.558920642133331,5.419864557154597e-11,7.208419861015614e-09
M223,M262,16.51224595239149,0.0,0.0
M223,M334,12.34331858729247,0.0,0.0
M231,242,-8.784733640365669,0.0,0.0
M231,261,1.442546656525182,0.1491482194482272,1.0
M231,263,-15.493261766669303,0.0,0.0
M231,315,23.085660279724394,0.0,0.0
M231,321,32.12908794017991,0.0,0.0
M231,322,22.892839957394568,0.0,0.0
M231,332,17.12996414591811,0.0,0.0
M231,411,5.399791345626492,6.671845009798005e-08,7.138874160483866e-06
M231,M223,-2.4973699245265633,0.012511835837771601,0.563032612699722
M231,M262,15.91709976278295,0.0,0.0
M231,M334,11.378017513812793,0.0,0.0
M242,211,19.30210488606128,0.0,0.0
M242,221,18.10350558483873,0.0,0.0
M242,222,45.89313991205962,0.0,0.0
M242,223,28.674364115303604,0.0,0.0
M242,234,22.599682966526764,0.0,0.0
M242,242,3.2904475496165353,0.0010002814791969517,0.0640180146686049
M242,251,40.065600839871,0.0,0.0
M242,255,42.90104588447625,0.0,0.0
M242,261,9.429420980648489,0.0,0.0
M242,263,-5.8487211172189575,4.953668142348988e-09,5.795791726548316e-07
M242,313,83.77131231097084,0.0,0.0
M242,315,36.31137312902476,0.0,0.0
M242,321,57.53174666472175,0.0,0.0
M242,322,38.483114426285184,0.0,0.0
M242,331,57.86714242905673,0.0,0.0
M242,332,34.642415126400095,0.0,0.0
M242,341,73.89066662231278,0.0,0.0
M242,342,54.70303354035383,0.0,0.0
M242,411,12.796248041763784,0.0,0.0
M242,M211,15.350332406398554,0.0,0.0
M242,M221,-0.8967041237186175,0.36987681960082663,1.0
M242,M223,10.906320748438876,0.0,0.0
M242,M231,18.050727037781034,0.0,0.0
M242,M261,27.97684009603198,0.0,0.0
M242,M262,28.870681771485327,0.0,0.0
M242,M313,61.31880565125255,0.0,0.0
M242,M331,71.43109009787578,0.0,0.0
M242,M332,54.933011530941926,0.0,0.0
M242,M333,30.934835213863874,0.0,0.0
M242,M334,24.385405213212533,0.0,0.0
M242,M341,71.57697705083034,0.0,0.0
M261,211,-5.683111329163369,1.3226610695582508e-08,1.4946070086008234e-06
M261,222,17.012276997608343,0.0,0.0
M261,234,5.291529571871674,1.2129757198664493e-07,1.2614947486611072e-05
M261,242,-7.593420097864882,3.108624468950438e-14,4.9116266609416925e-12
M261,251,18.43404332514155,0.0,0.0
M261,255,25.53713264169613,0.0,0.0
M261,261,3.1974650666008517,0.0013864120288731296,0.08179830970351465
M261,263,-15.33457509697583,0.0,0.0
M261,313,55.56630524679983,0.0,0.0
M261,315,27.847870590795655,0.0,0.0
M261,321,43.54996108233945,0.0,0.0
M261,322,28.69463965701741,0.0,0.0
M261,331,39.72559234054574,0.0,0.0
M261,332,23.270617735028683,0.0,0.0
M261,341,50.98261873672887,0.0,0.0
M261,342,38.183375744258164,0.0,0.0
M261,411,7.1848901034411075,6.725731083179198e-13,1.0021339313937005e-10
M261,M211,-8.798094964290424,0.0,0.0
M261,M223,-0.08684727100228141,0.930792912715898,1.0
M261,M231,3.696251539073799,0.00021880619007230706,0.01575404568520611
M261,M262,20.114892431220554,0.0,0.0
M261,M313,39.16827843925835,0.0,0.0
M261,M333,5.877097289471342,4.175228385250307e-09,4.968521778447865e-07
M261,M334,15.256467046212087,0.0,0.0
M261,M341,47.97136595428301,0.0,0.0
M262,261,-9.519866531744464,0.0,0.0
M262,315,6.358340750951863,2.0394463895456738e-10,2.5900969147230057e-08
M262,411,-5.169216695066953,2.3507719881799005e-07,2.3507719881799005e-05
M313,234,-25.16552680690197,0.0,0.0
M313,242,-28.4404625837616,0.0,0.0
M313,255,-6.495549465584079,8.273093321520264e-11,1.0837752251191546e-08
M313,261,-9.65851618364134,0.0,0.0
M313,263,-33.6885900545112,0.0,0.0
M313,315,10.317661821964142,0.0,0.0
M313,321,15.643051742076713,0.0,0.0
M313,322,8.650463606844767,0.0,0.0
M313,331,5.653879212511813,1.568664687034982e-08,1.7569044494791797e-06
M313,332,0.551396000180692,0.5813622420103592,1.0
M313,342,6.5443051061118025,5.977263128897903e-11,7.889987330145232e-09
M313,411,-4.490563553152936,7.103497538185621e-06,0.0006109007882839634
M313,M223,-21.37804978020436,0.0,0.0
M313,M231,-22.820181641989958,0.0,0.0
M313,M262,2.1806202341430874,0.029211517258048714,1.0
M313,M334,-3.262842280935355,0.0011030088655072934,0.06948955852695948
M331,211,-40.59682630756933,0.0,0.0
M331,222,-18.85172286654696,0.0,0.0
M331,234,-18.837729915485653,0.0,0.0
M331,242,-23.624380199857093,0.0,0.0
M331,251,-9.749869173910058,0.0,0.0
M331,255,2.6833634960030817,0.007288572269989357,0.3425628966894998
M331,261,-5.892274943429097,3.809146997824087e-09,4.570976397388904e-07
M331,263,-29.540628976541615,0.0,0.0
M331,313,24.577433409618475,0.0,0.0
M331,315,16.032334814733247,0.0,0.0
M331,321,25.40772100904177,0.0,0.0
M331,322,15.173312248404462,0.0,0.0
M331,331,16.852578160000515,0.0,0.0
M331,332,7.578268001027716,3.5083047578154947e-14,5.508038469770327e-12
M331,341,24.15345807755946,0.0,0.0
M331,342,16.976683365696967,0.0,0.0
M331,411,-0.9750787655163071,0.32952119081506925,1.0
M331,M211,-43.14246447128393,0.0,0.0
M331,M221,-65.18167183692927,0.0,0.0
M331,M223,-16.017565335189435,0.0,0.0
M331,M231,-16.679405319108493,0.0,0.0
M331,M261,-37.496745758432944,0.0,0.0
M331,M262,7.768909407100911,7.993605777301127e-15,1.2789769243681803e-12
M331,M313,12.174223877984998,0.0,0.0
M331,M333,-27.490365968764152,0.0,0.0
M331,M334,2.3087716570081547,0.020956255597139206,0.9220752462741251
M331,M341,20.279942003300558,0.0,0.0
M332,211,-26.937147134447567,0.0,0.0
M332,221,-33.4417313992826,0.0,0.0
M332,222,-4.513269323263462,6.383587454861228e-06,0.0005553721085729268
M332,234,-9.282247590106456,0.0,0.0
M332,242,-17.307916464245654,0.0,0.0
M332,251,1.5193015397508445,0.1286866123473389,1.0
M332,255,11.850739489204036,0.0,0.0
M332,261,-2.2929019304841507,0.02185365166332809,0.9397070215231078
M332,263,-23.956040885638078,0.0,0.0
M332,313,37.38862888102077,0.0,0.0
M332,315,20.748155500668986,0.0,0.0
M332,321,32.734742574255925,0.0,0.0
M332,322,20.577494923681456,0.0,0.0
M332,331,26.111545049697064,0.0,0.0
M332,332,13.844139779821509,0.0,0.0
M332,341,35.145580450294034,0.0,0.0
M332,342,25.54058423462723,0.0,0.0
M332,411,2.2589835144415784,0.023884410367188025,1.0
M332,M211,-29.739860786463318,0.0,0.0
M332,M221,-50.26118419926047,0.0,0.0
M332,M223,-9.720080124145555,0.0,0.0
M332,M231,-8.614831568614951,0.0,0.0
M332,M261,-22.762728144916696,0.0,0.0
M332,M262,12.685213008170294,0.0,0.0
M332,M313,23.13544868100943,0.0,0.0
M332,M331,15.32236109306922,0.0,0.0
M332,M333,-14.288743081169125,0.0,0.0
M332,M334,7.457115194662239,8.837375276016246e-14,1.3609557925065019e-11
M332,M341,31.609566240867483,0.0,0.0
M333,234,0.9575569310930448,0.3382862256493664,1.0
M333,242,-10.213805913059407,0.0,0.0
M333,251,12.550868845898938,0.0,0.0
M333,255,20.493084576583787,0.0,0.0
M333,261,1.559487178499386,0.11888111687489666,1.0
M333,263,-17.547588291633442,0.0,0.0
M333,313,45.99951717207838,0.0,0.0
M333,315,25.40389651793586,0.0,0.0
M333,321,39.107842825663965,0.0,0.0
M333,322,25.837611751183537,0.0,0.0
M333,331,34.007526579941484,0.0,0.0
M333,332,20.012048341262513,0.0,0.0
M333,341,43.32401459485805,0.0,0.0
M333,342,33.0277409430238,0.0,0.0
M333,411,5.689532811013078,1.2738741173023982e-08,1.452216493724734e-06
M333,M223,-2.862534066370084,0.004202680790616586,0.21013403953082932
M333,M231,0.06717982563590716,0.9464385456464455,1.0
M333,M262,17.657648761649746,0.0,0.0
M333,M313,32.22537739735721,0.0,0.0
M333,M334,12.7446150128806,0.0,0.0
M333,M341,40.21050317127873,0.0,0.0
M334,261,-6.269754537245143,3.616176247334124e-10,4.5563820716409964e-08
M334,315,10.548036192697763,0.0,0.0
M334,411,-2.0881699912282943,0.03678250323769827,1.0
M334,M262,4.139846833075704,3.475377883099817e-05,0.0027803023064798538
M341,234,-31.299939777427046,0.0,0.0
M341,242,-32.75583305482101,0.0,0.0
M341,255,-12.106951546552056,0.0,0.0
M341,261,-12.106027115515152,0.0,0.0
M341,263,-37.57374456397213,0.0,0.0
M341,315,7.259560476185383,3.8835601401387976e-13,5.825340210208196e-11
M341,321,11.23000378733886,0.0,0.0
M341,322,5.183724087863258,2.1749862222364413e-07,2.1967360844588057e-05
M341,331,0.20829777243342928,0.8349964708437743,1.0
M341,332,-3.466227187220775,0.0005278170799369875,0.03589156143571515
M341,341,3.7557208536167117,0.00017284326196986832,0.012790401385770256
M341,342,1.4258177980702682,0.15392094205718432,1.0
M341,411,-6.682747978021695,2.345035277073748e-11,3.212698329591035e-09
M341,M223,-25.615747252850124,0.0,0.0
M341,M231,-28.113885869068703,0.0,0.0
M341,M262,-1.042617917983574,0.29712528726239906,1.0
M341,M313,-6.265912144995644,3.7064928903873806e-10,4.633116112984226e-08
M341,M334,-6.659260850425169,2.7520874468223155e-11,3.742838927678349e-09
