A,B,mean_A,mean_B,diff,se,T,df,pval,hedges
211,212,34.98984340242114,26.13844569601183,8.851397706409308,0.373079708886905,23.72521875504227,6283.59961489391,0.0,0.4592080087831714
211,221,34.98984340242114,37.74856069115209,-2.7587172887309563,0.45682264395348426,-6.038924132254402,9543.554889746014,9.468754328390006e-07,-0.11880972490530349
211,222,34.98984340242114,25.526058382490383,9.463785019930754,0.4523751510019312,20.92021411646979,8673.17790076985,0.0,0.44497827195582784
211,223,34.98984340242114,32.128088732959206,2.8617546694619307,0.41927415535554924,6.825497429087014,8444.169765943358,5.567027394626223e-09,0.13771562390997566
211,231,34.98984340242114,33.04812077342854,1.9417226289925935,0.38324556437172025,5.066523423893471,6928.764273068793,0.00023068443469220767,0.0892192574736091
211,232,34.98984340242114,28.186295675968132,6.803547726453004,0.37681598820197476,18.055358422865744,6535.734843818835,0.0,0.3210614182011985
211,234,34.98984340242114,29.40484775746719,5.5849956449539455,0.6692483035882008,8.345177141293858,2514.3044166309282,1.829647544582258e-12,0.25744403003501926
211,242,34.98984340242114,51.53915996591037,-16.549316563489235,1.8530232528618646,-8.930981593420361,603.5566173153595,1.3244960683778118e-13,-0.6579882704327511
211,251,34.98984340242114,22.125145521535217,12.86469788088592,0.4982906238233174,25.817659947475654,5452.7935829170165,0.0,0.6373454940151924
211,255,34.98984340242114,15.490060546332389,19.49978285608875,0.47085640495122943,41.4134386854279,4023.066821697224,0.0,0.9934362973338651
211,261,34.98984340242114,40.88984421588092,-5.9000008134597834,3.937524304499237,-1.4984036560023541,173.49143566069816,0.999933237869174,-0.25185270995442244
211,263,34.98984340242114,76.81826131846935,-41.82841791604822,3.0559662888809895,-13.687460515595095,443.54412742954577,9.43689570931383e-15,-1.4806096276857894
211,313,34.98984340242114,8.358817891230656,26.63102551119048,0.37516201716889447,70.98539908745997,6024.95948941556,0.0,1.534409357456875
211,315,34.98984340242114,2.778527126285602,32.211316276135534,0.3919994542724852,82.1718395907381,2653.0997673201705,3.418820782030707e-12,1.5505681433353635
211,321,34.98984340242114,2.770778830301773,32.219064572119365,0.394564508008677,81.65728016117158,4390.601401379116,0.0,1.6222997096817466
211,322,34.98984340242114,4.720499690432479,30.269343711988657,0.4173503493091287,72.52741913861045,2371.472788461925,8.661960038125471e-13,1.4710599907751607
211,331,34.98984340242114,8.977173426564963,26.012669975856173,0.43973470648320634,59.15537161915967,4672.6605917807665,0.0,1.3422089263863464
211,332,34.98984340242114,11.791258896129303,23.198584506291834,0.6424283194573426,36.11077501360403,1015.5796187064074,3.1596947280831955e-13,1.1225346741106013
211,341,34.98984340242114,7.144211455692418,27.84563194672872,0.3815510373546971,72.98009760314946,5922.157563512729,0.0,1.529597945731073
211,342,34.98984340242114,8.413156611088002,26.576686791333135,0.46284143482061074,57.42071645256608,3676.039161487313,3.4292568784621835e-12,1.3489517888802829
211,411,34.98984340242114,19.80348281056485,15.186360591856285,1.6260743145863295,9.339278319342785,149.3475911328978,4.107825191113079e-14,0.7093947720959978
211,M211,34.98984340242114,35.25336215196628,-0.2635187495451419,0.44701093380283646,-0.589512984175399,7955.495807185678,0.9999999999999999,-0.013111587552325719
211,M221,34.98984340242114,45.942863920516075,-10.953020518094938,0.46223672382384867,-23.695695200256235,9532.74921072729,6.8437477906968525e-12,-0.4701566261777224
211,M223,34.98984340242114,30.44634525017208,4.543498152249057,0.7498812265604372,6.058957060559071,864.9894109906885,1.1982736281002104e-06,0.21736518293210974
211,M231,34.98984340242114,27.839832943941627,7.15001045847951,0.612027388302452,11.682500808192778,1904.8484131640591,4.588551760775772e-13,0.34776144857530444
211,M242,34.98984340242114,64.24835194428549,-29.25850854186435,0.6656024276731519,-43.95793543624501,13319.782685019407,0.0,-0.610600614170677
211,M261,34.98984340242114,43.005986851290935,-8.016143448869798,0.7005877220222435,-11.442026739679699,8132.113147005019,1.7077450564784158e-12,-0.21729491293556324
211,M262,34.98984340242114,10.244760634601588,24.745082767819547,0.7425016227565784,33.32663796201826,511.7693377568422,0.0,1.181586362561093
211,M313,34.98984340242114,12.308713804951118,22.68112959747002,0.44635842512500273,50.81371454144316,5889.060422496104,0.0,1.1820468981214707
211,M331,34.98984340242114,17.485505219136595,17.504338183284542,0.38749061839266674,45.173579313722584,6897.274278256184,0.0,0.971322369592081
211,M332,34.98984340242114,23.630402946041382,11.359440456379755,0.42340160173696056,26.828997362737514,8529.43124184523,0.0,0.5459922128119715
211,M333,34.98984340242114,31.09567060472517,3.8941727976959655,0.5291801342448678,7.358879416841474,7264.533561326364,1.1541956279614851e-10,0.16868812415478823
211,M334,34.98984340242114,14.521130202123052,20.468713200298083,0.6619807912641579,30.920403538008728,643.819888505619,2.361444373377708e-13,0.9822362756228774
211,M341,34.98984340242114,8.647422192587053,26.342421209834086,0.3755574494894338,70.14218795458942,5840.518316124556,0.0,1.4666934734304422
212,221,26.13844569601183,37.74856069115209,-11.610114995140265,0.3526882923674772,-32.918912383525665,9663.140333263367,2.5768276401549883e-12,-0.5639741172253359
212,222,26.13844569601183,25.526058382490383,0.6123873135214453,0.34690831755444446,1.7652713484603495,7759.709374743348,0.9988777828008146,0.03183512744741144
212,223,26.13844569601183,32.128088732959206,-5.989643036947378,0.3024779676167249,-19.801915108531006,12001.323015424308,4.764744154783784e-12,-0.31317353841525647
212,231,26.13844569601183,33.04812077342854,-6.909675077416715,0.2501584820769297,-27.62119045514445,25863.71082499135,0.0,-0.34025814477957317
212,232,26.13844569601183,28.186295675968132,-2.047849979956304,0.24019240726772778,-8.52587308338057,27135.70485784811,0.0,-0.10266391896048598
212,234,26.13844569601183,29.40484775746719,-3.266402061455363,0.6029887191317261,-5.417020182664147,1720.8211223253545,3.951342099905997e-05,-0.17267287031295786
212,242,26.13844569601183,51.53915996591037,-25.400714269898543,1.8301358635880565,-13.879141311454003,574.3726136546474,0.0,-1.2568601276528533
212,251,26.13844569601183,22.125145521535217,4.013300174476612,0.4049637629895619,9.910269859330738,3223.238105179701,2.5213164889237305e-13,0.21882112530777859
212,255,26.13844569601183,15.490060546332389,10.64838514967944,0.37068565878386955,28.726185913461634,2039.9034203812698,0.0,0.5926952832585242
212,261,26.13844569601183,40.88984421588092,-14.751398519869092,3.9268052857337654,-3.7565902677837095,171.6103381162997,0.07624237413102064,-0.7639434267996504
212,263,26.13844569601183,76.81826131846935,-50.679815622457525,3.0421426761941133,-16.65925008022988,435.5795216282126,1.0413891970983968e-13,-2.3507671668512473
212,313,26.13844569601183,8.358817891230656,17.77962780478117,0.23758923096527146,74.83347512236372,9780.141612766396,2.275735155876646e-12,1.042428955616798
212,315,26.13844569601183,2.778527126285602,23.359918569726226,0.2633736427480196,88.69497466029894,810.326201563959,1.5409895581797173e-13,1.2784338000604882
212,321,26.13844569601183,2.770778830301773,23.367666865710056,0.26717644829693454,87.46155214901165,1992.0116423659645,1.1747269823558781e-12,1.298993279052012
212,322,26.13844569601183,4.720499690432479,21.41794600557935,0.29980563305729757,71.43943823592548,821.7695737337209,0.0,1.175887693833483
212,331,26.13844569601183,8.977173426564963,17.161272269446865,0.330255530809564,51.96361807288735,2360.365445459006,1.0779155346085645e-12,0.9607827733917208
212,332,26.13844569601183,11.791258896129303,14.347186799882525,0.5730761286122644,25.035394223495285,654.6409708417069,0.0,0.7848582730279215
212,341,26.13844569601183,7.144211455692418,18.99423424031941,0.24755463568852967,76.72744316619355,6090.5813389440955,0.0,1.0912025433172683
212,342,26.13844569601183,8.413156611088002,17.725289084923826,0.3604501315455952,49.175426872279175,1772.8182567394842,0.0,0.9863458739748359
212,411,26.13844569601183,19.80348281056485,6.334962885446977,1.5999436802906022,3.9594911767746352,139.9854589547293,0.042485366892416665,0.3427141910288658
212,M211,26.13844569601183,35.25336215196628,-9.11491645595445,0.33988362491258545,-26.817756984611165,6488.426221489619,0.0,-0.49303918461459284
212,M221,26.13844569601183,45.942863920516075,-19.804418224504246,0.3596733134329542,-55.06223977386061,9160.828175334038,2.614908289899631e-12,-0.9613685825016471
212,M223,26.13844569601183,30.44634525017208,-4.307899554160251,0.6913927664448197,-6.23075589337116,630.1930190484436,4.994954364567761e-07,-0.23439782103622844
212,M231,26.13844569601183,27.839832943941627,-1.701387247929798,0.5387760458453544,-3.1578747070320743,1191.8888248640653,0.33401168783558677,-0.09289354658409618
212,M242,26.13844569601183,64.24835194428549,-38.10990624827366,0.5989396424255358,-63.628959495717034,10930.344107532967,0.0,-0.9747959760058716
212,M261,26.13844569601183,43.005986851290935,-16.867541155279106,0.6375933341815546,-26.455014899004695,6198.418190260717,0.0,-0.5757739302411108
212,M262,26.13844569601183,10.244760634601588,15.89368506141024,0.6833818576320178,23.25739977423947,369.0709757714314,5.773159728050814e-14,0.8663727982319064
212,M313,26.13844569601183,12.308713804951118,13.82973189106071,0.33902499498489475,40.7926615902668,3496.43970135251,3.189115638235762e-12,0.7746969670707444
212,M331,26.13844569601183,17.485505219136595,8.652940476875234,0.25661465836301417,33.719587696485156,14146.677345486552,1.3953282973488967e-12,0.4951321928005879
212,M332,26.13844569601183,23.630402946041382,2.5080427499704463,0.30817368462907246,8.1384066033711,11194.530405474834,7.239764343580646e-13,0.13123720200213282
212,M333,26.13844569601183,31.09567060472517,-4.957224908713343,0.44241803537361746,-11.204843637368937,4891.384473275565,0.0,-0.24688476366523684
212,M334,26.13844569601183,14.521130202123052,11.617315493888777,0.594912322571281,19.527777544894974,424.1594504696906,2.919886554764162e-14,0.6344391336513409
212,M341,26.13844569601183,8.647422192587053,17.491023503424778,0.2382131428184513,73.42593820171862,7252.990916560506,0.0,1.0106675293845058
221,222,37.74856069115209,25.526058382490383,12.22250230866171,0.43571072930783944,28.051873609075706,10769.416972932444,0.0,0.5325320493486552
221,223,37.74856069115209,32.128088732959206,5.620471958192887,0.40123731100068266,14.007849729068004,11901.96522971536,0.0,0.2514490874710392
221,231,37.74856069115209,33.04812077342854,4.70043991772355,0.36342499226188013,12.933727778238387,10691.961612784527,6.405098673667453e-12,0.20759695200952993
221,232,37.74856069115209,28.186295675968132,9.56226501518396,0.35663826400791615,26.812223982145984,10093.296006361472,4.178435375479239e-12,0.4327527789702636
221,234,37.74856069115209,29.40484775746719,8.343712933684902,0.6580986660415243,12.678513670104348,2395.384811226624,7.308598171107406e-13,0.3486105804913038
221,242,37.74856069115209,51.53915996591037,-13.790599274758279,1.8490256185452691,-7.45830622163478,598.4104947141303,1.839581820206604e-10,-0.5209149563876733
221,251,37.74856069115209,22.125145521535217,15.623415169616877,0.48321228065952554,32.332405021438674,5549.566306014174,0.0,0.6884432197587068
221,255,37.74856069115209,15.490060546332389,22.258500144819706,0.4548695598449576,48.9338089636214,3987.5652566401945,0.0,0.9833786126374653
221,261,37.74856069115209,40.88984421588092,-3.141283524728827,3.935644573753091,-0.7981624015740961,173.1605664276913,0.9999999999952447,-0.12343238625878616
221,263,37.74856069115209,76.81826131846935,-39.06970062731726,3.053543928154137,-12.794870991404023,442.14280149450707,1.6109336087311021e-13,-1.366156079269808
221,313,37.74856069115209,8.358817891230656,29.389742799921436,0.35489026686594716,82.81360618724106,8783.571618096712,0.0,1.4328942569116994
221,315,37.74856069115209,2.778527126285602,34.97003356486649,0.37264478332572365,93.84280990806107,2599.524069443312,1.1256551246674462e-12,1.4718029504956764
221,321,37.74856069115209,2.770778830301773,34.97778186085032,0.3753421284242932,93.18906462136015,4915.047590673529,0.0,1.520954565737832
221,322,37.74856069115209,4.720499690432479,33.02806100071962,0.39922659788446085,82.73011161014423,2245.7509563951007,9.667822098435863e-13,1.3996902927193424
221,331,37.74856069115209,8.977173426564963,28.77138726458713,0.4225720938204757,68.08634002417178,4890.50383014429,0.0,1.2805365884774
221,332,37.74856069115209,11.791258896129303,25.95730179502279,0.6308048097714021,41.149498851204825,952.4665452894575,8.526512829121202e-14,1.1004610525221978
221,341,37.74856069115209,7.144211455692418,30.604349235459676,0.3616376038196176,84.62712094156258,8157.241750661948,6.13398221105399e-13,1.427136081623761
221,342,37.74856069115209,8.413156611088002,29.33540408006409,0.44656775093679907,65.69082522982232,3614.783938413547,4.888311977424564e-13,1.2888816771502634
221,411,37.74856069115209,19.80348281056485,17.94507788058724,1.6215172644616986,11.066843550718863,147.6851131328136,0.0,0.741127676551965
221,M211,37.74856069115209,35.25336215196628,2.4951985391858145,0.4301387419533762,5.800915601915894,9678.602760738238,3.974893685643188e-06,0.11219724480648821
221,M221,37.74856069115209,45.942863920516075,-8.194303229363982,0.4459409728219131,-18.375309130063687,11958.571035697814,5.2866599986600704e-12,-0.33580007820070773
221,M223,37.74856069115209,30.44634525017208,7.302215440980014,0.7399475767496877,9.868557814671018,823.3962278675479,0.0,0.3077235177527931
221,M231,37.74856069115209,27.839832943941627,9.908727747210467,0.5998150435111389,16.519638602606097,1793.3840028446202,4.1233683134578314e-13,0.42428765051778483
221,M242,37.74856069115209,64.24835194428549,-26.499791253133395,0.6543906739206654,-40.495368148150106,13836.289078623058,1.096123192212417e-12,-0.5763881811490835
221,M261,37.74856069115209,43.005986851290935,-5.2574261601388415,0.6899447214366276,-7.620068676214583,8051.905566304934,1.2530754212036754e-11,-0.14719251840860098
221,M262,37.74856069115209,10.244760634601588,27.503800056550503,0.7324678983997193,37.54949550231517,485.8744600097505,0.0,1.1531920394395352
221,M313,37.74856069115209,12.308713804951118,25.439846886200975,0.4294605989727369,59.23674243237376,6468.941778039718,0.0,1.1518809815641307
221,M331,37.74856069115209,17.485505219136595,20.2630554720155,0.36789881996587126,55.07779414431184,10253.439251138161,7.071454533047472e-12,0.9976955876335187
221,M332,37.74856069115209,23.630402946041382,14.118157745110711,0.4055483679456411,34.81251278763149,11833.788523833302,7.721046024755651e-12,0.6299493405717278
221,M333,37.74856069115209,31.09567060472517,6.652890086426922,0.5150069677871995,12.918058400281472,7554.059183869495,0.0,0.2716579672889852
221,M334,37.74856069115209,14.521130202123052,23.22743048902904,0.6507066392720071,35.69570231374196,604.0695562388715,2.0650148258027912e-14,0.9770628648629566
221,M341,37.74856069115209,8.647422192587053,29.101138498565042,0.35530826089039635,81.90391753244941,8283.105509572739,8.244072091656562e-12,1.3713028747848024
222,223,25.526058382490383,32.128088732959206,-6.602030350468823,0.39616628952300664,-16.664795882602277,10083.427857817062,0.0,-0.31986212343709747
222,231,25.526058382490383,33.04812077342854,-7.52206239093816,0.35781849339562627,-21.022005653076466,8642.344570164945,0.0,-0.3474730565378739
222,232,25.526058382490383,28.186295675968132,-2.660237293477749,0.3509233542669229,-7.580678974857548,8118.285608594543,1.6687207171628415e-11,-0.12608699847433077
222,234,25.526058382490383,29.40484775746719,-3.878789374976808,0.6550192390006586,-5.921641906113399,2342.9278080477884,2.142287210959992e-06,-0.18160075108815948
222,242,25.526058382490383,51.53915996591037,-26.01310158341999,1.8479318405320264,-14.076872865576428,596.9877022853367,2.453592884421596e-14,-1.0654760108273882
222,251,25.526058382490383,22.125145521535217,3.4009128609551667,0.479009871918678,7.099880525077244,5218.134053372687,8.420402153319628e-10,0.16995551311799217
222,255,25.526058382490383,15.490060546332389,10.035997836157994,0.4504027816176468,22.282273213573742,3740.8087881547103,2.3092638912203256e-14,0.515134173476579
222,261,25.526058382490383,40.88984421588092,-15.363785833390537,3.935130818680304,-3.9042630451973075,173.07013417639035,0.04807489501717532,-0.673527485921916
222,263,25.526058382490383,76.81826131846935,-51.29220293597897,3.0528817321315227,-16.801241396327118,441.758795400443,0.0,-1.8854421054889718
222,313,25.526058382490383,8.358817891230656,17.167240491259726,0.3491467467005118,49.16912631577603,7174.858125617856,0.0,0.9851066462903442
222,315,25.526058382490383,2.778527126285602,22.74753125620478,0.3671790894852861,61.95214244932196,2365.745665616024,6.645795025406187e-13,1.1115819999153482
222,321,25.526058382490383,2.770778830301773,22.75527955218861,0.3699162913220325,61.5146726056974,4351.1533053565545,0.0,1.156603036438039
222,322,25.526058382490383,4.720499690432479,20.805558692057904,0.3941297066623743,52.78860826870047,2084.3679079100934,2.937650123158164e-13,1.025155336749108
222,331,25.526058382490383,8.977173426564963,16.54888495592542,0.417760126976222,39.61336634902772,4488.911113804546,0.0,0.8592588075252239
222,332,25.526058382490383,11.791258896129303,13.73479948636108,0.6275914732101631,21.884936415893073,931.7201972906371,5.626610288800293e-13,0.6738383123700676
222,341,25.526058382490383,7.144211455692418,18.381846926797966,0.35600295744805677,51.63397253372537,6800.380625029076,0.0,1.0097291133859396
222,342,25.526058382490383,8.413156611088002,17.11290177140238,0.44201708721735994,38.71547563722845,3387.9990987596625,1.9223511671384585e-12,0.875664197402985
222,411,25.526058382490383,19.80348281056485,5.722575571925532,1.6202699121327653,3.531865604041793,147.2303758400963,0.14697425445465584,0.2723304382536484
222,M211,25.526058382490383,35.25336215196628,-9.727303769475895,0.42541237234547064,-22.865587373130058,8614.179626802113,0.0,-0.48726973720658723
222,M221,25.526058382490383,45.942863920516075,-20.41680553802569,0.4413838470727292,-46.256349600082906,10625.007943738248,2.894573469802708e-12,-0.8869453980026692
222,M223,25.526058382490383,30.44634525017208,-4.920286867681696,0.7372101230674354,-6.674198730762164,810.6883841682065,2.728986403521816e-08,-0.23891709433434688
222,M231,25.526058382490383,27.839832943941627,-2.3137745614512433,0.596434770647753,-3.8793421767453093,1746.8783442778004,0.04220245826545832,-0.11392995249837806
222,M242,25.526058382490383,64.24835194428549,-38.722293561795105,0.65129371510073,-59.454425344494936,13309.852011967703,6.2406746437204674e-12,-0.8244181333845922
222,M261,25.526058382490383,43.005986851290935,-17.47992846880055,0.6870080551592054,-25.443556793158415,7841.782901773048,0.0,-0.4856685899815657
222,M262,25.526058382490383,10.244760634601588,15.281297747888795,0.7297023854979985,20.94182238072279,478.3638526874455,0.0,0.7412675424671054
222,M313,25.526058382490383,12.308713804951118,13.217344577539265,0.424726683039093,31.119647305800903,5891.243737980586,0.0,0.6921110181684675
222,M331,25.526058382490383,17.485505219136595,8.040553163353788,0.3623615472806804,22.189311265761,8402.552189311984,0.0,0.4458961224441704
222,M332,25.526058382490383,23.630402946041382,1.895655436449001,0.4005319312598451,4.732844720984791,10088.445761215678,0.0011847641181012003,0.09175601640097379
222,M333,25.526058382490383,31.09567060472517,-5.569612222234788,0.5110660682189082,-10.898027806160515,7122.619262799468,0.0,-0.2448520313333979
222,M334,25.526058382490383,14.521130202123052,11.004928180367331,0.6475920626505841,16.99361189716306,592.0578196256865,0.0,0.5361577671945101
222,M341,25.526058382490383,8.647422192587053,16.878636189903332,0.34957160850436086,48.28377299323144,6820.745219009606,0.0,0.9385736380523102
223,231,32.128088732959206,33.04812077342854,-0.9200320404693372,0.31493112631336556,-2.921375385276712,13515.012615185911,0.5202608164585536,-0.04306318329127261
223,232,32.128088732959206,28.186295675968132,3.9417930569910737,0.3070744871770325,12.836602262950546,12718.50479119631,8.016476371608405e-12,0.18889374834719797
223,234,32.128088732959206,29.40484775746719,2.723240975492015,0.6326118427330389,4.304758133719001,2069.196617426285,0.008226855939564515,0.13163546633315978
223,242,32.128088732959206,51.53915996591037,-19.411071232951166,1.8401085911861756,-10.548872673018906,586.9774169096838,2.013944566670034e-13,-0.8423498334304771
223,251,32.128088732959206,22.125145521535217,10.00294321142399,0.44788167801400125,22.333896880486563,4510.957615746454,0.0,0.5095345964152608
223,255,32.128088732959206,15.490060546332389,16.63802818662682,0.4171453053721243,39.885449919625664,3079.6213303926734,3.1297187064183163e-13,0.8682755003862249
223,261,32.128088732959206,40.88984421588092,-8.761755482921714,3.9314630991823654,-2.228624626985286,172.4259444724486,0.949198234255331,-0.4039576651089373
223,263,32.128088732959206,76.81826131846935,-44.69017258551015,3.048152622571162,-14.661395972952732,439.03050823589973,1.0602629885170245e-13,-1.7679559034908436
223,313,32.128088732959206,8.358817891230656,23.76927084172855,0.3050426049532107,77.92115086800554,9596.55617883652,1.7608137170554983e-12,1.3569727552561743
223,315,32.128088732959206,2.778527126285602,29.349561606673603,0.32552730125188106,90.16006182524147,1723.7821158754164,1.0563772079308364e-12,1.4769736514200726
223,321,32.128088732959206,2.770778830301773,29.357309902657434,0.3286116289642471,89.33740414235767,3720.2433339699446,0.0,1.5220180712702993
223,322,32.128088732959206,4.720499690432479,27.407589042526727,0.35564837378913794,77.06372659748627,1537.1936073939642,0.0,1.3878271856146418
223,331,32.128088732959206,8.977173426564963,23.150915306394243,0.3816687880823874,60.657082866825526,3778.2768996798686,1.1020073742429304e-12,1.2194215261403007
223,332,32.128088732959206,11.791258896129303,20.336829836829903,0.6041676897610399,33.66090272863403,805.8738628225066,9.658940314238862e-15,1.0255909277133943
223,341,32.128088732959206,7.144211455692418,24.98387727726679,0.3128668180182298,79.85467246261652,8031.028784660189,5.562772464884347e-12,1.376287165942309
223,342,32.128088732959206,8.413156611088002,23.714932121871204,0.4080767642211553,58.11389964124252,2746.148998816453,0.0,1.2350644970345954
223,411,32.128088732959206,19.80348281056485,12.324605922394355,1.6113417167900197,7.648660612440671,144.01555412625896,1.5677013021075936e-09,0.6076980989030746
223,M211,32.128088732959206,35.25336215196628,-3.1252734190070726,0.3900297766192865,-8.01290979908361,8788.374942749273,2.696287637604655e-12,-0.15903606071337573
223,M221,32.128088732959206,45.942863920516075,-13.814775187556869,0.40739077132626805,-33.91037833916222,11461.51308612194,0.0,-0.6166874691915104
223,M223,32.128088732959206,30.44634525017208,1.6817434827871267,0.7173745922864794,2.344303103106741,729.2364251080772,0.9172064590887132,0.08410441760089922
223,M231,32.128088732959206,27.839832943941627,4.28825578901758,0.5717359318275588,7.500413303236222,1499.1939101782718,6.518674489086607e-11,0.21654924533221936
223,M242,32.128088732959206,64.24835194428549,-32.12026321132628,0.6287535633575368,-51.085616182919814,12655.047967614491,8.063105738642662e-12,-0.7167762763747244
223,M261,32.128088732959206,43.005986851290935,-10.877898118331728,0.6656783066607497,-16.341073472708857,7208.9816846097865,0.0,-0.31954982472397386
223,M262,32.128088732959206,10.244760634601588,21.883328098357616,0.7096570379461891,30.836484284986344,428.77231666992304,9.847678228425139e-14,1.0946429088729888
223,M313,32.128088732959206,12.308713804951118,19.819374928008088,0.3892817686335688,50.912671809873736,5273.392401334572,0.0,1.0499576938685322
223,M331,32.128088732959206,17.485505219136595,14.642583513822611,0.3200834751322504,45.7461401522608,11887.95033918311,2.208566662886824e-12,0.8125781560328864
223,M332,32.128088732959206,23.630402946041382,8.497685786917824,0.3627304344328312,23.42699972282416,12525.117719079157,0.0,0.41817710358851995
223,M333,32.128088732959206,31.09567060472517,1.0324181282340348,0.4820125166319054,2.1418907032707892,6419.375690277325,0.973668088373828,0.04687031520429746
223,M334,32.128088732959206,14.521130202123052,17.606958530836152,0.6249184104450175,28.17481168189279,515.4228460498549,1.375566327510569e-13,0.8836742380306968
223,M341,32.128088732959206,8.647422192587053,23.480666540372155,0.3055288031878751,76.85254645511597,8539.585843131337,0.0,1.3063088460562005
231,232,33.04812077342854,28.186295675968132,4.861825097460411,0.25569725445637187,19.01399022761097,27936.918339606418,0.0,0.22650673129873722
231,234,33.04812077342854,29.40484775746719,3.643273015961352,0.6093308533363301,5.979137599898274,1793.6598875559002,1.584174493807211e-06,0.16646100811736336
231,242,33.04812077342854,51.53915996591037,-18.49103919248183,1.8322352394326067,-10.092066124766816,577.0117403887774,0.0,-0.8006999060907087
231,251,33.04812077342854,22.125145521535217,10.922975251893327,0.4143480937112256,26.36183300388477,3519.752167776737,0.0,0.5131272127189521
231,255,33.04812077342854,15.490060546332389,17.558060227096156,0.38091541194271983,46.09438126314629,2267.142006658815,7.025491299827991e-13,0.82961630499301
231,261,33.04812077342854,40.88984421588092,-7.841723442452377,3.927784164830611,-1.9964751405301717,171.78151533547626,0.9880875460693038,-0.34920664202021684
231,263,33.04812077342854,76.81826131846935,-43.77014054504081,3.0434061108811856,-14.381958552474496,436.3035086869608,0.0,-1.8077153280509684
231,313,33.04812077342854,8.358817891230656,24.689302882197886,0.2532535016502826,97.48849560347367,11549.789464747686,0.0,1.2278136529650323
231,315,33.04812077342854,2.778527126285602,30.26959364714294,0.27758668758033417,109.04555225971654,994.834268663728,3.941291737419306e-14,1.4003099538265602
231,321,33.04812077342854,2.770778830301773,30.27734194312677,0.2811973469861071,107.67292887945582,2415.5771836553354,0.0,1.4219173285653655
231,322,33.04812077342854,4.720499690432479,28.327621082996064,0.3123653486549805,90.68746327008571,965.3915318115185,0.0,1.3145555533043347
231,331,33.04812077342854,8.977173426564963,24.07094734686358,0.3416978329720097,70.44512731468028,2688.685105758062,1.131650329000422e-12,1.14200417664421
231,332,33.04812077342854,11.791258896129303,21.25686187729924,0.5797455843839443,36.665845242939525,685.5256389866585,8.881784197001252e-15,0.985598783053155
231,341,33.04812077342854,7.144211455692418,25.903909317736126,0.26262519124855715,98.63451862551834,7352.772491271211,0.0,1.258570277289051
231,342,33.04812077342854,8.413156611088002,24.63496416234054,0.37096224977576553,66.40827786986834,1982.5313237981627,4.141131881851834e-13,1.1615387272778008
231,411,33.04812077342854,19.80348281056485,13.244637962863692,1.6023446800015584,8.265785837570734,140.82755323315456,5.5113802410744483e-11,0.607066291000117
231,M211,33.04812077342854,35.25336215196628,-2.2052413785377354,0.3510122104872986,-6.282520415675204,7273.521150687859,2.0820707913316028e-07,-0.1042742001605333
231,M221,33.04812077342854,45.942863920516075,-12.894743147087532,0.3702074902312225,-34.83112440278772,10114.06793216067,1.110334046927619e-12,-0.5686472330288669
231,M223,33.04812077342854,30.44634525017208,2.601775523256464,0.6969308795854016,3.73319019068898,650.5740528148149,0.07154084190950971,0.12021746380378374
231,M231,33.04812077342854,27.839832943941627,5.208287829486917,0.5458647460719698,9.541352261646566,1255.32562231866,4.96713781217295e-13,0.24218018577931402
231,M242,33.04812077342854,64.24835194428549,-31.200231170856945,0.605324201313882,-51.54300968495149,11374.583090816806,0.0,-0.7925183747640299
231,M261,33.04812077342854,43.005986851290935,-9.957866077862391,0.6435945565495501,-15.4722658489355,6427.781409465798,0.0,-0.32753328511233365
231,M262,33.04812077342854,10.244760634601588,22.803360138826953,0.6889843661274528,33.09706469393043,381.3039245456625,3.930189507173054e-14,1.0524615427454944
231,M313,33.04812077342854,12.308713804951118,20.739406968477425,0.3501808684836573,59.22484303121008,3948.1512109546006,0.0,0.990774090152882
231,M331,33.04812077342854,17.485505219136595,15.562615554291948,0.2711821828849142,57.38804588388647,16053.346914061362,0.0,0.7765425470372931
231,M332,33.04812077342854,23.630402946041382,9.417717827387161,0.32040554509140373,29.393117477728172,12605.581369274232,1.466882171285988e-11,0.44035351796434896
231,M333,33.04812077342854,31.09567060472517,1.952450168703372,0.45102373712623156,4.328929960856859,5262.817264476941,0.007267207589501168,0.08679031659963207
231,M334,33.04812077342854,14.521130202123052,18.52699057130549,0.6013396419450628,30.809528058684144,442.7432926749429,0.0,0.8564294536138097
231,M341,33.04812077342854,8.647422192587053,24.400698580841492,0.2538389151389212,96.12670526695032,8753.163343544498,0.0,1.192029787009565
232,234,28.186295675968132,29.40484775746719,-1.218552081499059,0.6053075376877548,-2.0131123530261466,1747.4078449852818,0.9891321681718778,-0.057442629404508685
232,242,28.186295675968132,51.53915996591037,-23.35286428994224,1.8309011712740515,-12.75484698810472,575.3339107168857,0.0,-1.0459285389071746
232,251,28.186295675968132,22.125145521535217,6.061150154432916,0.4084084586736164,14.840902595694628,3333.6772473128794,0.0,0.2932517842332938
232,255,28.186295675968132,15.490060546332389,12.696235129635744,0.37444582706918283,33.906734197067124,2123.574675684998,5.668798763736049e-13,0.6188981343994537
232,261,28.186295675968132,40.88984421588092,-12.703548539912788,3.9271620251586428,-3.2347910421138306,171.67270771976388,0.2951194240935635,-0.5854895319819016
232,263,28.186295675968132,76.81826131846935,-48.63196564250122,3.0426031423935287,-15.983670352829469,435.8432995232711,1.1690648449302898e-13,-2.0790364212833685
232,313,28.186295675968132,8.358817891230656,19.827477784737475,0.24341417882317812,81.4557224258519,10722.560091085872,0.0,1.0133264070620227
232,315,28.186295675968132,2.778527126285602,25.40776854968253,0.2686400853853618,94.57921558219917,876.8738960718186,9.525713551283843e-14,1.2155873932787034
232,321,28.186295675968132,2.770778830301773,25.41551684566636,0.2723693710865037,93.3126832296957,2150.1128650228243,7.392975120978917e-13,1.2328772122428702
232,322,28.186295675968132,4.720499690432479,23.465795985535653,0.3044425026082593,77.07792369493892,873.6581025623368,1.0547118733938987e-14,1.1258754803992215
232,331,28.186295675968132,8.977173426564963,19.20912224940317,0.33447052996011456,57.43143424831433,2482.4054564728976,0.0,0.9401235669789856
232,332,28.186295675968132,11.791258896129303,16.39503677983883,0.5755154810834489,28.48756865579707,665.8520508300609,0.0,0.7856984761097672
232,341,28.186295675968132,7.144211455692418,21.042084220275715,0.25315038501328346,83.12088571056915,6643.02326412008,0.0,1.0529036577316357
232,342,28.186295675968132,8.413156611088002,19.77313906488013,0.36431595780686016,54.27469931295938,1849.7942328230067,0.0,0.9622603618111347
232,411,28.186295675968132,19.80348281056485,8.382812865403281,1.6008190403300835,5.236577435807344,140.29206065599126,0.0003086375570334754,0.39755800628734717
232,M211,28.186295675968132,35.25336215196628,-7.067066475998146,0.3439806655398121,-20.544952620833303,6801.700708155022,0.0,-0.34322441416434807
232,M221,28.186295675968132,45.942863920516075,-17.756568244547942,0.36354740017958204,-48.84251196893914,9553.590736179249,6.318945366956541e-12,-0.8026133739054424
232,M223,28.186295675968132,30.44634525017208,-2.260049574203947,0.6934160203468868,-3.259298181592833,637.5993038310112,0.2679957272266833,-0.1079359384227449
232,M231,28.186295675968132,27.839832943941627,0.3464627320265059,0.5413699727157468,0.6399740463781144,1214.9809824956135,0.9999999999999982,0.016635073223040572
232,M242,28.186295675968132,64.24835194428549,-36.062056268317356,0.6012740764828646,-59.976070279399565,11100.24652265552,0.0,-0.937538593889368
232,M261,28.186295675968132,43.005986851290935,-14.819691175322802,0.6397867453880587,-23.163485774207484,6283.7767653123165,0.0,-0.5008092642236883
232,M262,28.186295675968132,10.244760634601588,17.941535041366542,0.6854287586044814,26.175637972785285,373.51171559271063,2.7200464103316335e-14,0.856353199532019
232,M313,28.186295675968132,12.308713804951118,15.877581871017014,0.3431322879094897,46.27247982913561,3667.4316240579606,1.244893077512188e-12,0.7813297023366185
232,M331,28.186295675968132,17.485505219136595,10.700790456831538,0.2620169892740917,40.84006341145159,15296.430203421538,8.734568623935957e-12,0.5466220261478347
232,M332,28.186295675968132,23.630402946041382,4.55589272992675,0.31268648784261854,14.570161830017495,11841.32601268541,5.471179065352771e-13,0.21818000208820085
232,M333,28.186295675968132,31.09567060472517,-2.909374928757039,0.44557326872843755,-6.529509584494865,5031.3959874877155,4.295235722651114e-08,-0.13295960984290944
232,M334,28.186295675968132,14.521130202123052,13.66516547384508,0.5972624978421539,22.879664340580355,430.8994361696336,0.0,0.6531990306454212
232,M341,28.186295675968132,8.647422192587053,19.53887348338108,0.24402319806308762,80.06973778914934,7958.287200870329,0.0,0.9826637047503499
234,242,29.40484775746719,51.53915996591037,-22.13431220844318,1.9126165590268605,-11.572791265440639,682.4484447608717,1.645350522494482e-13,-0.7461586683956892
234,251,29.40484775746719,22.125145521535217,7.279702235931975,0.6875321607075648,10.588162491831893,2627.3012803838533,2.2282176104226892e-13,0.37253342679743295
234,255,29.40484775746719,15.490060546332389,13.914787211134803,0.6679166716743774,20.833118562907405,2315.2371313462227,6.621370118864434e-13,0.7660092026368819
234,261,29.40484775746719,40.88984421588092,-11.484996458413729,3.9659178729191034,-2.895923926422669,178.5405232063234,0.5457539078240929,-0.42807499978078034
234,263,29.40484775746719,76.81826131846935,-47.41341356100216,3.09246453253615,-15.33191830081172,464.9418805977204,2.3714363805993344e-13,-1.318131129647706
234,313,29.40484775746719,8.358817891230656,21.046029866236537,0.6042792941539663,34.828315432688235,1730.9874801850049,0.0,1.4193003291704882
234,315,29.40484775746719,2.778527126285602,26.62632063118159,0.6148743760858052,43.30367578606969,1729.6064664893922,0.0,1.3085705524459614
234,321,29.40484775746719,2.770778830301773,26.63406892716542,0.6165128361981698,43.20115878107079,1822.6584534193394,1.059707877004712e-12,1.4517258911345945
234,322,29.40484775746719,4.720499690432479,24.684348067034712,0.6313384514548703,39.09843921299511,1835.936058268637,1.2216894162975223e-12,1.241691561005889
234,331,29.40484775746719,8.977173426564963,20.427674330902228,0.6463540348004749,31.60446633122374,2135.1497051737033,6.932232565759477e-13,1.1572539007698952
234,332,29.40484775746719,11.791258896129303,17.613588861337888,0.7981986418541235,22.066673554371818,1681.1096222089016,9.728884364790247e-13,0.874283260262173
234,341,29.40484775746719,7.144211455692418,22.260636301774774,0.6082664879174483,36.596848164345865,1770.44341731482,1.0220713164699191e-12,1.4159246194927373
234,342,29.40484775746719,8.413156611088002,20.99169114637919,0.6622908122598287,31.695579581955258,2231.308679048649,8.628653347386717e-13,1.1530707740292934
234,411,29.40484775746719,19.80348281056485,9.60136494690234,1.693671928909015,5.668963854816378,175.49721865953987,3.250170383739537e-05,0.4367889164114415
234,M211,29.40484775746719,35.25336215196628,-5.848514394499087,0.6513261096841318,-8.97939497210605,2284.9986876976564,2.0239365738916604e-12,-0.2982864971741218
234,M221,29.40484775746719,45.942863920516075,-16.538016163048884,0.6618683517652032,-24.986866525559027,2443.701338412333,5.39124300757976e-13,-0.6874622022237356
234,M223,29.40484775746719,30.44634525017208,-1.0414974927048881,0.8869773278752776,-1.1742098247310988,1408.9220015527985,0.9999998941558177,-0.05030335828158351
234,M231,29.40484775746719,27.839832943941627,1.5650148135255648,0.7739408570745585,2.022137478878179,2434.0718257859735,0.988445096960067,0.07820630194794813
234,M242,29.40484775746719,64.24835194428549,-34.84350418681829,0.816966044546146,-42.649880517586396,5034.841279017582,0.0,-0.6643699718815872
234,M261,29.40484775746719,43.005986851290935,-13.601139093823743,0.8457127659349232,-16.082456883322415,4948.970469798349,0.0,-0.3283365558600191
234,M262,29.40484775746719,10.244760634601588,19.160087122865605,0.8807471748539045,21.754355472152174,901.2802636615718,3.952393967665557e-14,0.9221456773609488
234,M313,29.40484775746719,12.308713804951118,17.096133952516073,0.6508784601575432,26.26624631022204,2229.9792461026204,6.814548925149211e-13,0.9684237861590214
234,M331,29.40484775746719,17.485505219136595,11.919342538330596,0.6120097266868503,19.47574036585438,1821.7344953060206,6.462608226343036e-13,0.7090624247275679
234,M332,29.40484775746719,23.630402946041382,5.774444811425809,0.6353548949763476,9.088534387762568,2102.38046280496,1.046163156104285e-12,0.27872064320233964
234,M333,29.40484775746719,31.09567060472517,-1.69082284725798,0.7102383689272203,-2.380641375108872,3010.0524593274386,0.9038811162119094,-0.0702345895308347
234,M334,29.40484775746719,14.521130202123052,14.88371755534414,0.8140181166409642,18.2842583611795,1180.2493553395855,1.0428324870304095e-12,0.7251705995918191
234,M341,29.40484775746719,8.647422192587053,20.757425564880137,0.6045248746610767,34.33676004898502,1731.1477350564314,9.10937991704941e-13,1.3509089439109845
242,251,51.53915996591037,22.125145521535217,29.414014444375155,1.8597049109464368,15.816495547890897,612.1442138415015,1.078026556911027e-13,1.1780775682796132
242,255,51.53915996591037,15.490060546332389,36.049099419577985,1.8525427293565078,19.45925394773478,602.7403510534275,0.0,1.3960149622590474
242,261,51.53915996591037,40.88984421588092,10.649315750029452,4.326003520401973,2.461698355030445,249.26081371433796,0.8590248832773104,0.23447936681558093
242,263,51.53915996591037,76.81826131846935,-25.279101352558982,3.5424763610764023,-7.13599718838428,728.5316031603268,1.38133138261054e-09,-0.47720722660405845
242,313,51.53915996591037,8.358817891230656,43.180342074679714,1.8305614846637348,23.58857784152043,574.9010837544059,1.0125233984581428e-13,2.267692706265417
242,315,51.53915996591037,2.778527126285602,48.76063283962477,1.8340862526495283,26.585790482418677,579.1753918741651,0.0,1.3869236628024872
242,321,51.53915996591037,2.770778830301773,48.7683811356086,1.8346361930879354,26.582044614264895,579.9706851613261,2.1271873151818e-13,1.708778009550367
242,322,51.53915996591037,4.720499690432479,46.818660275477896,1.8396711999910513,25.449471772839427,586.1454253031138,1.5165646516379638e-13,1.402693650537915
242,331,51.53915996591037,8.977173426564963,42.56198653934541,1.8448781591460004,23.07035092173647,592.9550844683076,0.0,1.6882454259864303
242,332,51.53915996591037,11.791258896129303,39.747901069781065,1.903397739740396,20.882603903481712,666.3972172851278,9.303668946358812e-14,1.2349339070535406
242,341,51.53915996591037,7.144211455692418,44.39494851021795,1.8318815475118768,24.23461744593512,576.5525948753175,2.2515322939398175e-13,2.070352293677706
242,342,51.53915996591037,8.413156611088002,43.12600335482237,1.8505218193241777,23.30477971374164,600.1064037649054,1.603162047558726e-13,1.6181359610289685
242,411,51.53915996591037,19.80348281056485,31.73567715534552,2.419571550205834,13.116238349159689,516.6187563633101,6.106226635438361e-15,0.7971691965272768
242,M211,51.53915996591037,35.25336215196628,16.285797813944093,1.8466260002900823,8.819218299420562,595.2962457354666,0.0,0.7022967552845027
242,M221,51.53915996591037,45.942863920516075,5.596296045394297,1.850370665261279,3.0244189180355816,600.1466831823495,0.4373532392653894,0.20974262531213478
242,M223,51.53915996591037,30.44634525017208,21.092814715738292,1.9423003536929733,10.85970801355912,715.3852963577549,2.325917236589703e-13,0.6443611680199927
242,M231,51.53915996591037,27.839832943941627,23.699327021968745,1.8933531984393148,12.517118856378211,655.5721666836446,1.2179146580137967e-13,0.8117331188394201
242,M242,51.53915996591037,64.24835194428549,-12.709191978375117,1.9113438732296333,-6.64934874167889,682.8993481060907,3.570893003512765e-08,-0.23068406625430748
242,M261,51.53915996591037,43.005986851290935,8.533173114619437,1.9238066343207103,4.435566944404718,700.3519155534448,0.005147571070020507,0.18926294501207372
242,M262,51.53915996591037,10.244760634601588,41.29439933130878,1.9394631911444506,21.291664373862915,703.1439379559642,5.551115123125783e-14,1.1699028132843048
242,M313,51.53915996591037,12.308713804951118,39.230446160959254,1.846468156694866,21.246207804190252,595.0402922193042,2.935429677108914e-13,1.6780027130275128
242,M331,51.53915996591037,17.485505219136595,34.05365474677377,1.833127870430864,18.57680268576665,578.1324086915289,1.0969003483296547e-13,1.7644471130646047
242,M332,51.53915996591037,23.630402946041382,27.90875701986899,1.8410534284375037,15.159123895472748,588.1806643786679,0.0,1.203924568342482
242,M333,51.53915996591037,31.09567060472517,20.4434893611852,1.868218516257528,10.942772049031083,623.4471642764635,1.1535217225855376e-13,0.7302444055764871
242,M334,51.53915996591037,14.521130202123052,37.01802976378732,1.9100856991273412,19.38029784773516,671.362696895795,1.0524914273446484e-13,1.0707481682767748
242,M341,51.53915996591037,8.647422192587053,42.89173777332332,1.830642566935193,23.42988115103834,574.9994700858443,0.0,2.0648254967870265
251,255,22.125145521535217,15.490060546332389,6.635084975202828,0.496500689058056,13.363697415588048,3476.7265278211557,0.0,0.4216846078793357
251,261,22.125145521535217,40.88984421588092,-18.764698694345704,3.9406731441054244,-4.7618003341420225,174.04640553159524,0.001981849864331253,-0.8627898609030267
251,263,22.125145521535217,76.81826131846935,-54.69311579693414,3.0600224082396155,-17.87343636754551,445.89171725472494,8.881784197001252e-14,-1.8186087378543143
251,313,22.125145521535217,8.358817891230656,13.766327630304561,0.40688293067879133,33.83363270447002,3206.1025893990222,0.0,1.0217728815307947
251,315,22.125145521535217,2.778527126285602,19.346618395249614,0.4224579888006078,45.795366422531664,2249.302191597544,3.5127456499139953e-13,1.1707188511573485
251,321,22.125145521535217,2.770778830301773,19.354366691233444,0.42483918266993403,45.556924786455575,3021.643263645302,0.0,1.255306661865049
251,322,22.125145521535217,4.720499690432479,17.404645831102737,0.4460812641436311,39.01676046519344,2193.2023338474705,1.2159162565694714e-12,1.0689146289078022
251,331,22.125145521535217,8.977173426564963,13.147972094970253,0.4670907751576774,28.14864431979383,3588.9734436236076,2.208344618281899e-12,0.8600384956688181
251,332,22.125145521535217,11.791258896129303,10.333886625405913,0.6614539483534085,15.62298728600924,1106.625571478723,4.697353617189037e-13,0.6177422604780285
251,341,22.125145521535217,7.144211455692418,14.9809340658428,0.41278126684477057,36.29266943326788,3284.359609325877,0.0,1.075642722840505
251,342,22.125145521535217,8.413156611088002,13.711988910447214,0.48890630384392664,28.046250994596477,3219.8470803834393,3.5083047578154947e-13,0.8784267097743761
251,411,22.125145521535217,19.80348281056485,2.321662710970365,1.633684442206918,1.4211206589162766,152.146004857848,0.9999771347666084,0.1318375037965865
251,M211,22.125145521535217,35.25336215196628,-13.128216630431062,0.4739472070714333,-27.699744685809232,4908.418033053994,0.0,-0.7230659350431895
251,M221,22.125145521535217,45.942863920516075,-23.81771839898086,0.48833387042364074,-48.77343113292233,5658.652362814825,0.0,-1.045718990622224
251,M223,22.125145521535217,30.44634525017208,-8.321199728636863,0.7662434561543179,-10.859733498279967,929.6138485413381,0.0,-0.483035913866492
251,M231,22.125145521535217,27.839832943941627,-5.71468742240641,0.6319689107731871,-9.042671759619841,2021.1547811218566,1.4988010832439613e-13,-0.3341729845566348
251,M242,22.125145521535217,64.24835194428549,-42.12320642275027,0.6839837511782876,-61.585098111154416,10945.498920742357,5.806466418789569e-14,-0.8320429268679087
251,M261,22.125145521535217,43.005986851290935,-20.880841329755718,0.7180740465995443,-29.07895283033471,7621.462487872636,0.0,-0.5327013311277176
251,M262,22.125145521535217,10.244760634601588,11.880384886933628,0.7590229508701831,15.652207714290247,553.9546674620462,8.93729534823251e-14,0.7013249794076677
251,M313,22.125145521535217,12.308713804951118,9.816431716584098,0.4733318326835846,20.73900599697515,4182.508270978248,0.0,0.6248652591499858
251,M331,22.125145521535217,17.485505219136595,4.639640302398622,0.4182776105577007,11.092251139649731,3588.71144882237,4.958256027975949e-13,0.29259827483378453
251,M332,22.125145521535217,23.630402946041382,-1.5052574245061656,0.4517478240179492,-3.332074543531963,4612.789305938755,0.22078125074097132,-0.0767262359772865
251,M333,22.125145521535217,31.09567060472517,-8.970525083189955,0.552122083085747,-16.247357890585935,5787.883709472231,0.0,-0.40249232970489657
251,M334,22.125145521535217,14.521130202123052,7.604015319412165,0.6804599533802477,11.17481680095723,706.317683852701,1.3289369604763124e-13,0.4532092796669465
251,M341,22.125145521535217,8.647422192587053,13.477723328948164,0.407247563551382,33.09466902985583,3173.7456508589357,0.0,0.9857004178832235
255,261,15.490060546332389,40.88984421588092,-25.399783669548533,3.937298189998707,-6.451069348536406,173.4508149932928,6.21771165665308e-07,-1.2204211756487704
255,263,15.490060546332389,76.81826131846935,-61.32820077213697,3.0556749413545186,-20.070263345796665,443.36108868166593,0.0,-1.847607512707609
255,313,15.490060546332389,8.358817891230656,7.131242655101733,0.37278134015951964,19.129827292455545,2041.2718542768607,1.424860229803926e-12,0.6878419349486933
255,315,15.490060546332389,2.778527126285602,12.711533420046788,0.3897216450170812,32.61695515908451,1530.4899134458083,1.0771383784913269e-12,1.1587387448752413
255,321,15.490060546332389,2.770778830301773,12.719281716030615,0.39230159243243323,32.422202614997744,2025.6495985594186,2.808864252301646e-13,1.2484173798394693
255,322,15.490060546332389,4.720499690432479,10.76956085589991,0.4152116358116007,25.93752180101841,1567.121256692193,9.193756866920921e-13,0.9959016678022805
255,331,15.490060546332389,8.977173426564963,6.512887119767425,0.4377053809707681,14.879614011878882,2589.501110456699,7.912559496503491e-13,0.5781062662861687
255,332,15.490060546332389,11.791258896129303,3.6988016502030856,0.6410409769162023,5.769992533077332,971.0959437290417,6.192534286686424e-06,0.3009425257992356
255,341,15.490060546332389,7.144211455692418,8.34584909063997,0.37921047262877516,22.008487879526648,2120.586883508815,6.117328865684613e-14,0.8388617550876852
255,342,15.490060546332389,8.413156611088002,7.0769039352443865,0.46091385554319725,15.354070723051052,2419.075823615104,0.0,0.619098083216025
255,411,15.490060546332389,19.80348281056485,-4.313422264232463,1.6255267038724077,-2.6535536167796083,149.12684689644738,0.7341313341651298,-0.3366167968673364
255,M211,15.490060546332389,35.25336215196628,-19.76330160563389,0.4450147900735182,-44.41043768987749,3504.372484664374,0.0,-1.1556421286295662
255,M221,15.490060546332389,45.942863920516075,-30.452803374183688,0.46030661226653974,-66.15764919003607,4095.590356434252,1.057376408652999e-12,-1.3399712068298408
255,M223,15.490060546332389,30.44634525017208,-14.95628470383969,0.7486930228021892,-19.97652475491449,845.2477384367317,0.0,-1.1237784629676557
255,M231,15.490060546332389,27.839832943941627,-12.349772397609238,0.6105709725144275,-20.226596011845974,1740.8938067973672,0.0,-0.8892687876847875
255,M242,15.490060546332389,64.24835194428549,-48.7582913979531,0.6642634870059373,-73.40203451152102,9312.114622568275,0.0,-0.9313796137399174
255,M261,15.490060546332389,43.005986851290935,-27.515926304958548,0.6993157689436225,-39.34692670597684,6681.113313425007,0.0,-0.6721406066637682
255,M262,15.490060546332389,10.244760634601588,5.2452999117308,0.7413015906100876,7.075797459727483,503.23854547683413,2.973111645765414e-09,0.43599439831556797
255,M313,15.490060546332389,12.308713804951118,3.1813467413812706,0.44435935021665324,7.159400921416784,3019.311111904938,6.033629151858122e-10,0.24657637425079343
255,M331,15.490060546332389,17.485505219136595,-1.9954446728042061,0.38518614693057807,-5.180468427292231,2331.5930754476904,0.00013471424706801294,-0.13609910017553353
255,M332,15.490060546332389,23.630402946041382,-8.140342399708993,0.4212936087793374,-19.322254670074265,3169.086513505159,2.0727863869751673e-12,-0.4256024844392542
255,M333,15.490060546332389,31.09567060472517,-15.605610058392783,0.5274950264450934,-29.584373834882328,4563.131295337274,1.7494894422043217e-12,-0.705513954469992
255,M334,15.490060546332389,14.521130202123052,0.9689303442093369,0.6606345104879204,1.466666256193187,625.6510051363499,0.9999723164788344,0.08214768368188417
255,M341,15.490060546332389,8.647422192587053,6.842638353745336,0.37317929512755965,18.3360610920453,2024.7153645083592,0.0,0.702291461381195
261,263,40.88984421588092,76.81826131846935,-35.92841710258843,4.961808263290768,-7.24099263738176,383.0990594456644,1.4601684306114748e-09,-0.596377149311131
261,313,40.88984421588092,8.358817891230656,32.53102632465026,3.9270036697219592,8.283930716813803,171.64499470864408,1.935385185447558e-11,2.1791465049121963
261,315,40.88984421588092,2.778527126285602,38.11131708959532,3.9286479678170996,9.700873532522529,171.93196072830835,0.0,1.220950266281821
261,321,40.88984421588092,2.770778830301773,38.11906538557915,3.928904737183587,9.70221166851314,171.9773333104025,0.0,1.6908751392134758
261,322,40.88984421588092,4.720499690432479,36.16934452544844,3.9312583986494647,9.20044953999309,172.38889985265521,3.6415315207705135e-14,1.2678365354375682
261,331,40.88984421588092,8.977173426564963,31.912670789315957,3.933697738130037,8.112639280842735,172.81776401700546,5.231992616927528e-11,1.6010125431150941
261,332,40.88984421588092,11.791258896129303,29.098585319751617,3.9614802067565966,7.345381978716398,177.73147214677348,4.220825244871662e-09,1.0583179795676314
261,341,40.88984421588092,7.144211455692418,33.7456327601885,3.92761918685989,8.591880005344395,171.75259825945153,2.951638933268441e-12,2.0630580704464117
261,342,40.88984421588092,8.413156611088002,32.476687604792914,3.9363477332001935,8.250462054171683,173.28335949059152,2.26947349801776e-11,1.5265668904610938
261,411,40.88984421588092,19.80348281056485,21.08636140531607,4.233760616690663,4.980527553255553,224.31641357793592,0.00066210795301469,0.5217629006003993
261,M211,40.88984421588092,35.25336215196628,5.636482063914642,3.9345177668709015,1.4325725280425667,172.9622856247208,0.9999747445033934,0.2688088342248539
261,M221,40.88984421588092,45.942863920516075,-5.053019704635155,3.936276676217629,-1.2837054201918054,173.27181004034634,0.999998002163429,-0.1970590454814179
261,M223,40.88984421588092,30.44634525017208,10.44349896570884,3.980318220548614,2.623784930509751,181.1104684253368,0.7563407852706008,0.36590259388211943
261,M231,40.88984421588092,27.839832943941627,13.050011271939294,3.9566638481068646,3.2982360324047497,176.88071186103562,0.25614970754532107,0.526727096967424
261,M242,40.88984421588092,64.24835194428549,-23.358507728404568,3.965304260029474,-5.890722677666845,178.43842995354282,1.0660500582626575e-05,-0.4197510327874209
261,M261,40.88984421588092,43.005986851290935,-2.1161426354100143,3.9713265339344503,-0.5328553613831198,179.52298052892965,1.0,-0.04654388747877318
261,M262,40.88984421588092,10.244760634601588,30.64508358127933,3.9789345235476863,7.701831583284172,180.82896466436645,5.038180983518714e-10,0.9658147154924354
261,M313,40.88984421588092,12.308713804951118,28.581130410929802,3.9344436870494883,7.264338413333173,172.94904483202114,7.2535586426170084e-09,1.486512712399984
261,M331,40.88984421588092,17.485505219136595,23.404338996744325,3.928200639252765,5.958030443474592,171.85436566706,8.025501535335877e-06,1.3571082551927673
261,M332,40.88984421588092,23.630402946041382,17.259441269839538,3.9319054158558955,4.389587094399245,172.50354052173356,0.008748274525211985,0.7926601892950302
261,M333,40.88984421588092,31.09567060472517,9.794173611155749,3.9446980742970577,2.482870279723769,174.75863123342506,0.8450148365700019,0.36890605618268874
261,M334,40.88984421588092,14.521130202123052,26.368714013757867,3.9646979520369796,6.650875888341044,178.29283336886292,2.0164258696109272e-07,0.8629003234505879
261,M341,40.88984421588092,8.647422192587053,32.24242202329387,3.9270414666451523,8.21035945180339,171.651588413183,3.014666294376411e-11,2.043357926059855
263,313,76.81826131846935,8.358817891230656,68.4594434272387,3.042398746427657,22.501798460054864,435.72574484269916,0.0,2.88699312965924
263,315,76.81826131846935,2.778527126285602,74.03973419218376,3.044520843300021,24.319010446297526,436.9302353527115,1.3422596367718143e-13,1.5180328938240224
263,321,76.81826131846935,2.770778830301773,74.04748248816757,3.044852171143695,24.318908875091353,437.1279801498559,1.7719159473017498e-13,1.93697004273576
263,322,76.81826131846935,4.720499690432479,72.09776162803688,3.047888598227763,23.654985838379762,438.858031034648,8.781864124784988e-14,1.5733445231750045
263,331,76.81826131846935,8.977173426564963,67.8410878919044,3.051034284504882,22.23543938409514,440.6833342849634,0.0,2.081196179751683
263,332,76.81826131846935,11.791258896129303,65.02700242234005,3.0867714101920685,21.066348550343047,461.32133225678666,1.099120794378905e-13,1.5079384744460345
263,341,76.81826131846935,7.144211455692418,69.67404986277694,3.0431931892741857,22.89504659393461,436.18039153085124,2.4447111002245947e-13,2.537595722431613
263,342,76.81826131846935,8.413156611088002,68.40510470738135,3.0544501611460526,22.395226996178994,442.6500826388974,4.1744385725905886e-14,1.9690678633959195
263,411,76.81826131846935,19.80348281056485,57.0147785079045,3.429221671122435,16.626157179638586,568.0547257420045,9.880984919163893e-14,1.0183920043035912
263,M211,76.81826131846935,35.25336215196628,41.564899166503075,3.052091474395489,13.618497189615068,441.3011376274656,6.09512440519211e-14,1.5601732033156563
263,M221,76.81826131846935,45.942863920516075,30.87539739795328,3.054358587656294,10.108635417835778,442.61432219523425,1.6198153929281034e-13,1.0696383086552026
263,M223,76.81826131846935,30.44634525017208,46.371916068297274,3.1109107102400304,14.906218913856042,475.4441011244938,0.0,1.0661975387168405
263,M231,76.81826131846935,27.839832943941627,48.978428374527724,3.0805877876098036,15.899052957205152,457.8546680231282,3.672617765460018e-13,1.3049280639541885
263,M242,76.81826131846935,64.24835194428549,12.569909374183865,3.0916775680628046,4.065724545156876,464.6224426056752,0.023342938601139673,0.2241520495515747
263,M261,76.81826131846935,43.005986851290935,33.81227446717842,3.099397804314035,10.909304517192112,469.24516531544714,0.0,0.7218791979639209
263,M262,76.81826131846935,10.244760634601588,66.57350068386776,3.1091401147157227,21.412190582461015,473.8134001734835,0.0,1.3738222403612799
263,M313,76.81826131846935,12.308713804951118,64.50954751351824,3.0519959758850304,21.13683898118886,441.2420445641972,0.0,2.2188677804541292
263,M331,76.81826131846935,17.485505219136595,59.332756099332755,3.043943588912363,19.49206822210955,436.61145789303265,2.141620214501927e-13,2.695177751981498
263,M332,76.81826131846935,23.630402946041382,53.18785837242797,3.0487230949188824,17.445945963761968,439.3590230777943,0.0,2.085002758838489
263,M333,76.81826131846935,31.09567060472517,45.72259071374418,3.0652039422553536,14.916655327052023,448.92067719430537,1.41886502547095e-13,1.4650970105952643
263,M334,76.81826131846935,14.521130202123052,62.2971311163463,3.090899895037215,20.15501414858867,463.4868338047179,3.83026943495679e-14,1.315727925204678
263,M341,76.81826131846935,8.647422192587053,68.1708391258823,3.042447532991383,22.406578383573844,435.7534320971749,0.0,2.5686632640778018
313,315,8.358817891230656,2.778527126285602,5.580290764945054,0.2663151246877608,20.953713280414036,818.9005996166924,4.836131495267182e-13,0.6045855767256428
313,321,8.358817891230656,2.770778830301773,5.588039060928883,0.2700765159499446,20.69057741386355,1925.7768393708295,0.0,0.6221869280629831
313,322,8.358817891230656,4.720499690432479,3.6383182007981762,0.3023929356912675,12.031756603311562,833.154806067009,0.0,0.39569543158001363
313,331,8.358817891230656,8.977173426564963,-0.6183555353343078,0.3326060516187326,-1.859122924327098,2333.48538826408,0.9970743917465948,-0.06273176742992444
313,332,8.358817891230656,11.791258896129303,-3.4324410048986476,0.5744339118891891,-5.975345351060647,660.0469417802899,2.1949367682294607e-06,-0.33828420846527996
313,341,8.358817891230656,7.144211455692418,1.2146064355382373,0.2506818054705542,4.845211774577348,4807.820170137842,0.0007016195341784659,0.1331230490624021
313,342,8.358817891230656,8.413156611088002,-0.05433871985734662,0.3626049741444993,-0.14985652082007142,1777.3739708789933,1.0,-0.005497469129382304
313,411,8.358817891230656,19.80348281056485,-11.444664919334196,1.6004305202178983,-7.150991420593508,140.15530596927675,2.563311529701906e-08,-1.1292769202490038
313,M211,8.358817891230656,35.25336215196628,-26.89454426073562,0.3421680119865315,-78.60040482625315,6061.241385244756,0.0,-1.773737680935451
313,M221,8.358817891230656,45.942863920516075,-37.58404602928542,0.36183278228891347,-103.87131257575108,8437.201551508702,0.0,-1.830036201945562
313,M223,8.358817891230656,30.44634525017208,-22.087527358941422,0.6925186116165523,-31.894489171030816,633.9498431187001,0.0,-2.049214096974301
313,M231,8.358817891230656,27.839832943941627,-19.481015052710973,0.5402200454628202,-36.06125914120994,1201.2390834813305,1.0479395129436853e-12,-1.7019716318438844
313,M242,8.358817891230656,64.24835194428549,-55.88953405305483,0.6002389234395956,-93.11214563158734,10837.03378355293,0.0,-1.1546253690617339
313,M261,8.358817891230656,43.005986851290935,-34.64716896006028,0.6388140024575601,-54.23670869262462,6198.422331595012,0.0,-0.9518854288075217
313,M262,8.358817891230656,10.244760634601588,-1.8859427433709328,0.6845208786324077,-2.7551281520277726,371.4090339050723,0.659418593538523,-0.19156947720603032
313,M313,8.358817891230656,12.308713804951118,-3.9498959137204626,0.34131512882906906,-11.572577890910233,3407.2389138797475,4.481970350411757e-13,-0.35081059058841324
313,M331,8.358817891230656,17.485505219136595,-9.12668732790594,0.25963272680820226,-35.15229932722646,8887.5623429074,0.0,-0.6755836578464609
313,M332,8.358817891230656,23.630402946041382,-15.271585054810727,0.31069130956780094,-49.15356363219445,9221.480176470252,0.0,-0.8763905462128178
313,M333,8.358817891230656,31.09567060472517,-22.736852713494514,0.44417540225337504,-51.18890554980467,4842.968070435108,1.223576795439385e-12,-1.180627726791065
313,M334,8.358817891230656,14.521130202123052,-6.162312310892396,0.5962203799688938,-10.335628431912875,427.60576904233295,0.0,-0.6331895963991437
313,M341,8.358817891230656,8.647422192587053,-0.28860430135639703,0.24146132475934937,-1.1952402797592216,5240.112470217493,0.99999984432994,-0.03204556092596108
315,321,2.778527126285602,2.770778830301773,0.007748295983828868,0.2930159679801649,0.026443255080055475,880.2197605346822,1.0,0.0014624756981590676
315,322,2.778527126285602,4.720499690432479,-1.9419725641468775,0.32304569425961305,-6.011448530826809,695.9782070695817,1.7363994786467885e-06,-0.4374631459260676
315,331,2.778527126285602,8.977173426564963,-6.1986463002793615,0.3514880063346335,-17.635441860220833,1405.8692769196655,2.681188604469753e-13,-0.6472667274503014
315,332,2.778527126285602,11.791258896129303,-9.0127317698437,0.5855692547871764,-15.39140194974778,689.2846761269393,3.036459972349803e-13,-0.8514012028257436
315,341,2.778527126285602,7.144211455692418,-4.365684329406816,0.2752424397102836,-15.861232497437806,892.1123920352874,3.1086244689504383e-13,-0.5522122130540023
315,342,2.778527126285602,8.413156611088002,-5.6346294848024,0.37999921091763517,-14.828003119258335,1359.398817382626,8.796297024105115e-13,-0.5859854791972717
315,411,2.778527126285602,19.80348281056485,-17.02495568427925,1.6044609322350685,-10.61101292168137,141.5555061888924,0.0,-1.5617057243887078
315,M211,2.778527126285602,35.25336215196628,-32.474835025680676,0.36054955477785233,-90.07037894053038,2146.296728755801,7.190914530497139e-13,-1.8185175355204528
315,M221,2.778527126285602,45.942863920516075,-43.16433679423047,0.3792624360026031,-113.81126285318224,2706.8251598251163,9.514611321037592e-14,-1.8060017001580164
315,M223,2.778527126285602,30.44634525017208,-27.667818123886477,0.7017827729853515,-39.42504602412632,658.3751448558895,0.0,-2.1253879891716454
315,M231,2.778527126285602,27.839832943941627,-25.061305817656024,0.5520459496668225,-45.39713738101209,1213.8486427438427,5.668798763736049e-13,-1.7710118753895967
315,M242,2.778527126285602,64.24835194428549,-61.469824817999886,0.6109040826804295,-100.62107384892926,7918.153338088404,2.968625345545206e-12,-1.120542647203578
315,M261,2.778527126285602,43.005986851290935,-40.22745972500533,0.6488454074427437,-61.998527328029425,5457.124744370546,0.0,-0.9128659493429123
315,M262,2.778527126285602,10.244760634601588,-7.4662335083159865,0.6938918260848559,-10.75993869309961,388.4804987495316,0.0,-0.8269555278976941
315,M313,2.778527126285602,12.308713804951118,-9.530186678665515,0.35974025378222046,-26.49185510508618,1745.4416729984164,5.062616992290714e-14,-0.7556111177248075
315,M331,2.778527126285602,17.485505219136595,-14.706978092850992,0.2834187464751669,-51.89133843741566,1053.725226864496,1.3566925360919413e-13,-0.9914775431788433
315,M332,2.778527126285602,23.630402946041382,-20.85187581975578,0.33082642407257534,-63.02965634686237,1808.7521331769497,2.2071233729548112e-13,-1.049593119144519
315,M333,2.778527126285602,31.09567060472517,-28.31714347843957,0.4584853552630006,-61.762372894541045,3237.369854956219,2.3594459719333827e-12,-1.1880921893888374
315,M334,2.778527126285602,14.521130202123052,-11.74260307583745,0.6069561553472741,-19.346707290774308,450.6873991580833,0.0,-1.3985169694659674
315,M341,2.778527126285602,8.647422192587053,-5.868895066301451,0.2668718875757286,-21.991432367098128,810.186077292873,0.0,-0.7613787527163933
321,322,2.770778830301773,4.720499690432479,-1.9497208601307063,0.32615349056828824,-5.977924248897421,922.3745979470867,1.8892804927173046e-06,-0.35033570767780475
321,331,2.770778830301773,8.977173426564963,-6.20639459626319,0.3543464370179252,-17.515047275469655,2108.602400781228,3.97237798210881e-13,-0.6862863392581056
321,332,2.770778830301773,11.791258896129303,-9.020480065827531,0.5872894780108121,-15.35951247820834,711.5184459905939,0.0,-0.9566412081786734
321,341,2.770778830301773,7.144211455692418,-4.373432625390645,0.2788834513696935,-15.681936679681776,1980.992748409667,6.453726442146035e-13,-0.5646352390108819
321,342,2.770778830301773,8.413156611088002,-5.642377780786229,0.38264471658214283,-14.745735498937623,1792.6663025403343,9.725553695716371e-14,-0.6263869072591431
321,411,2.770778830301773,19.80348281056485,-17.03270398026308,1.6050895494952386,-10.61168455406083,141.78771504579422,0.0,-1.8851499105985459
321,M211,2.770778830301773,35.25336215196628,-32.48258332166451,0.3633367037345809,-89.40077616103763,3878.233121474521,0.0,-1.9032312001752307
321,M221,2.770778830301773,45.942863920516075,-43.1720850902143,0.38191304532947246,-113.04166123199639,4989.582169473478,0.0,-1.8683807279191615
321,M223,2.770778830301773,30.44634525017208,-27.675566419870307,0.7032187705751408,-39.35555701568563,669.9263354389499,9.869882688917642e-14,-2.464999541758472
321,M231,2.770778830301773,27.839832943941627,-25.069054113639854,0.5538703001369066,-45.261596636330275,1286.8171388781877,1.1735057370287905e-13,-1.9889221851741752
321,M242,2.770778830301773,64.24835194428549,-61.477573113983716,0.6125531626445334,-100.36283683292213,9907.716396049509,3.1226132790607153e-12,-1.1473846962813135
321,M261,2.770778830301773,43.005986851290935,-40.23520802098916,0.6503982945778249,-61.86241316500673,6149.4893141010825,0.0,-0.9492846570733992
321,M262,2.770778830301773,10.244760634601588,-7.473981804299815,0.6953441199417587,-10.748608624066351,393.9743829356735,1.3877787807814457e-13,-0.9141193241837922
321,M313,2.770778830301773,12.308713804951118,-9.537934974649346,0.3625336246770766,-26.309104384855807,2779.2817802120285,0.0,-0.804964066642089
321,M331,2.770778830301773,17.485505219136595,-14.714726388834823,0.2869560326666056,-51.27867935758245,2471.5042182882357,9.021672298104022e-13,-1.0204116494594866
321,M332,2.770778830301773,23.630402946041382,-20.85962411573961,0.33386180029295137,-62.479816790768105,3831.4875227066173,0.0,-1.0832669214085133
321,M333,2.770778830301773,31.09567060472517,-28.3248917744234,0.460680366220271,-61.48491199401378,4385.839516779327,3.6426417437951386e-13,-1.2515673863785841
321,M334,2.770778830301773,14.521130202123052,-11.750351371821278,0.6086159325421472,-19.306677238535084,460.80951899448826,0.0,-1.5058945832891886
321,M341,2.770778830301773,8.647422192587053,-5.87664336228528,0.2706255405693177,-21.7150360232908,1861.8582220346798,0.0,-0.7746855308591023
322,331,4.720499690432479,8.977173426564963,-4.256673736132484,0.3795544236543961,-11.214923264887053,1407.0243855884257,0.0,-0.4486853649335752
322,332,4.720499690432479,11.791258896129303,-7.070759205696824,0.6028342177336441,-11.729193528992681,756.9648382111299,0.0,-0.6842588685692276
322,341,4.720499690432479,7.144211455692418,-2.423711765259939,0.31028397080125586,-7.811269654056294,897.5743252784134,9.709899551069157e-12,-0.306618777107259
322,342,4.720499690432479,8.413156611088002,-3.692656920655523,0.4060999165433931,-9.092976310082424,1414.1923083581325,1.2807532812075806e-12,-0.38828515811740544
322,411,4.720499690432479,19.80348281056485,-15.082983120132372,1.6108422098353241,-9.36341438536944,143.8090006429559,6.938893903907228e-14,-1.4499026664951282
322,M211,4.720499690432479,35.25336215196628,-30.5328624615338,0.38796098176109545,-78.70085884135584,1925.2556026606085,7.167599846980011e-13,-1.7260762567988395
322,M221,4.720499690432479,45.942863920516075,-41.2223642300836,0.40541057864978575,-101.68053425585022,2341.458205373816,7.65831842386433e-13,-1.7371246299521486
322,M223,4.720499690432479,30.44634525017208,-25.7258455597396,0.7162519126519209,-35.917314991159635,706.9037019419454,0.0,-2.0450581396865197
322,M231,4.720499690432479,27.839832943941627,-23.119333253509147,0.5703266366408546,-40.53700418005871,1315.839386596144,3.482769628249116e-13,-1.6763741950665494
322,M242,4.720499690432479,64.24835194428549,-59.52785225385301,0.6274723421427773,-94.86928467726445,7215.613726183718,0.0,-1.0906237217037014
322,M261,4.720499690432479,43.005986851290935,-38.28548716085845,0.6644682871876321,-57.618230845752045,5359.526483880485,0.0,-0.876140532276346
322,M262,4.720499690432479,10.244760634601588,-5.524260944169109,0.708522129665617,-7.796878478271741,419.5575712850959,3.007405435795363e-11,-0.6222042373396376
322,M313,4.720499690432479,12.308713804951118,-7.588214114518639,0.3872089773104723,-19.597206054533824,1666.5444048455547,0.0,-0.6092510720328432
322,M331,4.720499690432479,17.485505219136595,-12.765005528704116,0.317559329530846,-40.19723038073801,1015.2517071398556,0.0,-0.8654317663826383
322,M332,4.720499690432479,23.630402946041382,-18.909903255608903,0.3605050135340325,-52.45392586980975,1606.1965773224001,4.923839114212569e-13,-0.9580581465086121
322,M333,4.720499690432479,31.09567060472517,-26.375170914292692,0.48034004924549584,-54.90937296551067,3034.5845689399935,0.0,-1.1190141435538359
322,M334,4.720499690432479,14.521130202123052,-9.800630511690573,0.6236293101133636,-15.715474485811145,495.8759721955884,6.128431095930864e-14,-1.176567693318696
322,M341,4.720499690432479,8.647422192587053,-3.9269225021545733,0.302883387290815,-12.96513003661082,828.815508644491,1.5332179970073412e-13,-0.5090169691396205
331,332,8.977173426564963,11.791258896129303,-2.81408546956434,0.6185421506154245,-4.549545195528612,862.6906019468754,0.0030736197219594086,-0.2508330795644402
331,341,8.977173426564963,7.144211455692418,1.832961970872545,0.33979617501321957,5.39429842258005,2408.353057105985,4.312033242048763e-05,0.19842018510965245
331,342,8.977173426564963,8.413156611088002,0.5640168154769611,0.42907160268884115,1.3145051127654819,2347.1163448190987,0.9999981895574427,0.05343074410893279
331,411,8.977173426564963,19.80348281056485,-10.826309383999888,1.616786294784988,-6.69619072039428,145.9583639696049,2.509048466770025e-07,-0.9432551285551826
331,M211,8.977173426564963,35.25336215196628,-26.276188725401315,0.41194541068745133,-63.785608587195604,4128.367432325938,0.0,-1.5626769688067836
331,M221,8.977173426564963,45.942863920516075,-36.965690493951115,0.4284192284416912,-86.2839201415121,4994.03281785778,0.0,-1.6388915127200596
331,M223,8.977173426564963,30.44634525017208,-21.469171823607116,0.7295218299646384,-29.429101284944107,770.6826953154044,1.268984917146554e-13,-1.7428288310268993
331,M231,8.977173426564963,27.839832943941627,-18.862659517376663,0.586905248297789,-32.13919039246002,1569.143397245364,1.0291767438275201e-13,-1.4386348637162538
331,M242,8.977173426564963,64.24835194428549,-55.27117851772053,0.6425782739647852,-86.01470164356898,10213.915605166923,0.0,-1.05772061818757
331,M261,8.977173426564963,43.005986851290935,-34.02881342472597,0.6787513555754312,-50.13443162242682,6720.754927129348,0.0,-0.8342899382528702
331,M262,8.977173426564963,10.244760634601588,-1.267587208036625,0.7219341425942682,-1.7558211106092783,455.87570887210387,0.9988251391949428,-0.11756613754780422
331,M313,8.977173426564963,12.308713804951118,-3.331540378386155,0.41123726743480066,-8.101260858889331,3288.4557587342274,0.0,-0.26990409503893725
331,M331,8.977173426564963,17.485505219136595,-8.508331792571632,0.3464523427392292,-24.558447852597602,2757.1342308392987,4.3998138465894954e-13,-0.5895465007455537
331,M332,8.977173426564963,23.630402946041382,-14.653229519476419,0.3861983464498429,-37.94223785310663,3885.987588498847,3.337441434325683e-12,-0.7735943432925677
331,M333,8.977173426564963,31.09567060472517,-22.118497178160208,0.4999118531567193,-44.24479443424238,4898.000463406215,0.0,-1.0115008518826696
331,M334,8.977173426564963,14.521130202123052,-5.5439567755580885,0.6388261222350646,-8.678350152873234,554.7199564021133,0.0,-0.5255442763645054
331,M341,8.977173426564963,8.647422192587053,0.32975123397791073,0.3330520144274431,0.9900892944448728,2294.3376610824052,0.9999999990602942,0.036415230771597196
332,341,11.791258896129303,7.144211455692418,4.647047440436885,0.5786268003718185,8.031165230249877,678.3342554075307,2.2026824808563106e-12,0.48977970109211577
332,342,11.791258896129303,8.413156611088002,3.378102285041301,0.6351771200136892,5.318362671767045,934.6190904216405,7.403980836917512e-05,0.2949264242080392
332,411,11.791258896129303,19.80348281056485,-8.012223914435548,1.68325442419127,-4.759960110180653,170.89856004365555,0.002019161705992256,-0.5624898393344083
332,M211,11.791258896129303,35.25336215196628,-23.462103255836976,0.6237359657269786,-37.61544073940222,907.9969822883824,0.0,-1.3103988936279078
332,M221,11.791258896129303,45.942863920516075,-34.15160502438677,0.6347366137647077,-53.804372213269744,975.11288645302,0.0,-1.4399137541963236
332,M223,11.791258896129303,30.44634525017208,-18.655086354042776,0.8669196236963774,-21.518818866391673,1071.2998762171983,0.0,-1.2873840673701822
332,M231,11.791258896129303,27.839832943941627,-16.048574047812323,0.7508696984393518,-21.37331427965271,1350.750485146542,2.0461410343841635e-13,-1.0708397164463763
332,M242,11.791258896129303,64.24835194428549,-52.45709304815618,0.7951442458613884,-65.97179482991648,2266.0019231333067,1.7175150190951172e-13,-0.9671298796410138
332,M261,11.791258896129303,43.005986851290935,-31.21472795516163,0.8246520091835096,-37.852000125565,2417.5222595445202,2.3702151352722467e-12,-0.7209304135780054
332,M262,11.791258896129303,10.244760634601588,1.5464982615277147,0.8605442695168186,1.7971164486355222,725.7948375402378,0.9982991496347642,0.1230211231367389
332,M313,11.791258896129303,12.308713804951118,-0.517454908821815,0.6232685004732355,-0.8302279169072746,896.0239983192392,0.9999999999939653,-0.038861242625281726
332,M331,11.791258896129303,17.485505219136595,-5.694246323007292,0.582560519898503,-9.774514627251733,698.2798277103154,1.3178347302300608e-13,-0.3796560214398909
332,M332,11.791258896129303,23.630402946041382,-11.839144049912079,0.6070392873245575,-19.503093617039987,820.7675037912427,0.0,-0.5972509132636283
332,M333,11.791258896129303,31.09567060472517,-19.304411708595868,0.6850251050009036,-28.180590123876414,1276.7746306993904,5.965228311310966e-13,-0.819489575886236
332,M334,11.791258896129303,14.521130202123052,-2.7298713059937487,0.792115110324758,-3.4463063138317525,855.9387409780201,0.1661204993108386,-0.22500694885915043
332,M341,11.791258896129303,8.647422192587053,3.1438367035422505,0.5746922462232212,5.47047001974188,660.7618195882789,3.632819811238974e-05,0.34012039031947894
341,342,7.144211455692418,8.413156611088002,-1.268945155395584,0.36921135174117353,-3.4369072061607318,1855.0211473303696,0.1684431788701829,-0.137466531365561
341,411,7.144211455692418,19.80348281056485,-12.659271354872434,1.6019402314147504,-7.902461718994611,140.68402347750316,4.2342063188982593e-10,-1.3555104709880401
341,M211,7.144211455692418,35.25336215196628,-28.10915069627386,0.34916128566470067,-80.50477487148177,5823.299997660896,0.0,-1.784988138846659
341,M221,7.144211455692418,45.942863920516075,-38.798652464823654,0.36845300557757404,-105.3014953806775,7935.8129806083325,0.0,-1.8046964561259795
341,M223,7.144211455692418,30.44634525017208,-23.302133794479662,0.696000490240868,-33.48005370860499,646.2778787138852,0.0,-2.2328336734495227
341,M231,7.144211455692418,27.839832943941627,-20.69562148824921,0.5446763740975581,-37.9961798830334,1236.2977363136658,1.0325074129013956e-12,-1.8138299642067444
341,M242,7.144211455692418,64.24835194428549,-57.10414048859307,0.6042527783900842,-94.50372845737857,10866.004513590784,0.0,-1.129046494996893
341,M261,7.144211455692418,43.005986851290935,-35.861775395598514,0.642586947203302,-55.80844047903224,6278.201425650658,0.0,-0.9251831707862541
341,M262,7.144211455692418,10.244760634601588,-3.10054917890917,0.6880432313916729,-4.506329017491872,378.9264913608517,0.004257232865251703,-0.34673255190384594
341,M313,7.144211455692418,12.308713804951118,-5.1645023492587,0.348325526121494,-14.826654844288818,3444.419432764312,2.278732758043134e-12,-0.4618973348179676
341,M331,7.144211455692418,17.485505219136595,-10.341293763444178,0.26878208238287415,-38.47463964771741,6506.889388969727,0.0,-0.7516236711700295
341,M332,7.144211455692418,23.630402946041382,-16.486191490348965,0.3183767341078281,-51.78202338354727,7895.79910565876,0.0,-0.9119387971255596
341,M333,7.144211455692418,31.09567060472517,-23.951459149032754,0.4495847450116152,-53.27462600719239,4905.720097350643,0.0,-1.1725946972494146
341,M334,7.144211455692418,14.521130202123052,-7.376918746430634,0.6002611069113704,-12.289516447914473,438.884175427473,0.0,-0.8407564082743341
341,M341,7.144211455692418,8.647422192587053,-1.5032107368946344,0.25127321053934804,-5.9823756526533485,4243.002325897628,1.3979578377121271e-06,-0.18281921883603544
342,411,8.413156611088002,19.80348281056485,-11.39032619947685,1.623223183886153,-7.017104186626579,148.28249417886562,4.417686427782286e-08,-0.9629753357496399
342,M211,8.413156611088002,35.25336215196628,-26.840205540878276,0.43652560416014885,-61.48598223125388,3169.2137299124156,9.274803147718558e-13,-1.5715905141346407
342,M221,8.413156611088002,45.942863920516075,-37.529707309428076,0.4521046527072068,-83.01110613372335,3721.108412219015,0.0,-1.6418508968781327
342,M223,8.413156611088002,30.44634525017208,-22.033188639084077,0.7436784803232408,-29.627304301594588,822.2410029764242,0.0,-1.7387143216568237
342,M231,8.413156611088002,27.839832943941627,-19.426676332853624,0.6044115751542316,-32.14146970612929,1666.1508915587704,0.0,-1.4432561147936578
342,M242,8.413156611088002,64.24835194428549,-55.83519533319749,0.6586064225867316,-84.77778748937811,8885.894868065374,6.84141632234514e-12,-1.0574348602821633
342,M261,8.413156611088002,43.005986851290935,-34.59283024020293,0.6939445110355837,-49.84956245072035,6430.4275544717175,0.0,-0.8343856427264386
342,M262,8.413156611088002,10.244760634601588,-1.8316040235135862,0.73623670646352,-2.4877923192822236,489.4086018595177,0.8476078468871713,-0.1665916431331186
342,M313,8.413156611088002,12.308713804951118,-3.895557193863116,0.4358573985011288,-8.937687434604891,2738.3850650437935,1.922018100231071e-12,-0.3108417311127129
342,M331,8.413156611088002,17.485505219136595,-9.072348608048593,0.3753462501350325,-24.170612080938,2044.7197711003232,5.392353230604385e-13,-0.6228392115221845
342,M332,8.413156611088002,23.630402946041382,-15.21724633495338,0.4123163160748346,-36.906728503539206,2831.7177895944146,0.0,-0.7939435445590294
342,M333,8.413156611088002,31.09567060472517,-22.68251399363717,0.5203531902732176,-43.59061194902533,4254.296845254986,0.0,-1.0175237920840514
342,M334,8.413156611088002,14.521130202123052,-6.10797359103505,0.654946101714347,-9.325917926753347,603.8514981180392,2.0805579481475434e-13,-0.5694870936900707
342,M341,8.413156611088002,8.647422192587053,-0.2342655814990504,0.3630140851469923,-0.6453346883336254,1763.9806926000708,0.9999999999999978,-0.02592541481522528
411,M211,19.80348281056485,35.25336215196628,-15.449879341401427,1.6187804316391963,-9.54414758137192,146.68914222569248,0.0,-0.8345557757784955
411,M221,19.80348281056485,45.942863920516075,-26.139381109951223,1.6230508617323436,-16.10509055893151,148.24390174636065,3.1530333899354446e-14,-1.072559315726337
411,M223,19.80348281056485,30.44634525017208,-10.642862439607228,1.7271227995908351,-6.162192081610283,188.62834304106866,2.4541866896488074e-06,-0.644884184349644
411,M231,19.80348281056485,27.839832943941627,-8.036350133376775,1.6718878057307012,-4.806752047494285,166.66268297581394,0.001688543452752822,-0.48998538907758116
411,M242,19.80348281056485,64.24835194428549,-44.44486913372064,1.6922345885376213,-26.264011759816686,175.14523245706613,5.329070518200751e-15,-0.8027667938749307
411,M261,19.80348281056485,43.005986851290935,-23.202504040726083,1.7062984695436536,-13.598150883257576,180.98307995611822,0.0,-0.5179572550113168
411,M262,19.80348281056485,10.244760634601588,9.558722175963263,1.7239315446719021,5.544722588032041,186.33608455332703,5.5394134443886855e-05,0.6668701595441758
411,M313,19.80348281056485,12.308713804951118,7.494769005613733,1.6186003690221904,4.630401147221648,146.61849394982795,0.0037416359020360224,0.542411698723814
411,M331,19.80348281056485,17.485505219136595,2.3179775914282565,1.603365301564503,1.4456952443504059,141.1862316365225,0.9999650408583294,0.15184334439441272
411,M332,19.80348281056485,23.630402946041382,-3.8269201354765308,1.6124206111533437,-2.3734006555145584,144.40131769009744,0.8974074629382351,-0.18854812884160552
411,M333,19.80348281056485,31.09567060472517,-11.29218779416032,1.643369381909653,-6.871363138723201,155.78777318184945,8.426938813421714e-08,-0.45943940432168917
411,M334,19.80348281056485,14.521130202123052,5.2823526084417995,1.6908133779105898,3.124148813495566,173.50687615742808,0.36969829827864054,0.39116795401162713
411,M341,19.80348281056485,8.647422192587053,11.156060617977799,1.6005232609324076,6.970258346310241,140.18744145984724,6.664718887883225e-08,1.2316038899714938
M211,M221,35.25336215196628,45.942863920516075,-10.689501768549796,0.43588438622183545,-24.523708823810836,9594.150897212081,4.285571897355567e-12,-0.47936499678797645
M211,M223,35.25336215196628,30.44634525017208,4.807016901794199,0.7339306937636326,6.5496877874715675,795.9434263883193,6.117349693468555e-08,0.26414611829188805
M211,M231,35.25336215196628,27.839832943941627,7.413529208024652,0.5923765131509702,12.514893895084723,1695.363086816139,6.216138714876251e-13,0.4110059384122647
M211,M242,35.25336215196628,64.24835194428549,-28.99498979231921,0.6475793395600068,-44.77442070962247,12828.218370443832,0.0,-0.605245023634847
M211,M261,35.25336215196628,43.005986851290935,-7.752624699324656,0.6834877947329401,-11.342740512804397,7631.163174024685,1.844080443902385e-12,-0.21220659141386689
M211,M262,35.25336215196628,10.244760634601588,25.00860151736469,0.7263890617959039,34.428659285609456,469.5837323314952,0.0,1.382799631682594
M211,M313,35.25336215196628,12.308713804951118,22.94464834701516,0.41900865501878837,54.759366118550275,5394.480980420938,0.0,1.3560938567066267
M211,M331,35.25336215196628,17.485505219136595,17.767856932829684,0.3556422199949164,49.95992020599708,7134.695230123169,0.0,1.0725815342056735
M211,M332,35.25336215196628,23.630402946041382,11.622959205924897,0.394463338795895,29.4652457219577,8831.918217076041,0.0,0.5917660194835123
M211,M333,35.25336215196628,31.09567060472517,4.157691547241107,0.5063240304192539,8.21152324885389,6728.230072629192,0.0,0.1910458492723241
M211,M334,35.25336215196628,14.521130202123052,20.732231949843225,0.6438563328129202,32.200090133876515,578.1436955715517,1.127986593019159e-13,1.1528413368740456
M211,M341,35.25336215196628,8.647422192587053,26.605939959379228,0.34260152826219253,77.65855597415121,5789.538068524418,0.0,1.7129346911494034
M221,M223,45.942863920516075,30.44634525017208,15.496518670343995,0.7433022784577538,20.84820552749692,837.9109388067872,9.214851104388799e-14,0.6493744913929811
M221,M231,45.942863920516075,27.839832943941627,18.10303097657445,0.6039486296408185,29.974454925646107,1837.5889070939327,1.3237189122605741e-12,0.7713397194189394
M221,M242,45.942863920516075,64.24835194428549,-18.305488023769414,0.6581815972336933,-27.812214897387786,13922.681574443668,0.0,-0.3958262866111136
M221,M261,45.942863920516075,43.005986851290935,2.9368770692251402,0.6935413321937047,4.23461001226222,8155.729849942547,0.010679920940539156,0.08166656217244625
M221,M262,45.942863920516075,10.244760634601588,35.698103285914485,0.7358567000502575,48.51230312026292,494.7403232258988,0.0,1.487876918191459
M221,M313,45.942863920516075,12.308713804951118,33.63415011556496,0.4352151960729026,77.28165380955798,6541.996365231579,0.0,1.5181007313331427
M221,M331,45.942863920516075,17.485505219136595,28.45735870137948,0.3746003237519071,75.9672560246542,9785.441144913779,0.0,1.400006536542348
M221,M332,45.942863920516075,23.630402946041382,22.312460974474693,0.41163738844537207,54.20416512392619,11432.219472290491,0.0,0.993294228895651
M221,M333,45.942863920516075,31.09567060472517,14.847193315790904,0.5198153880870772,28.56243515689029,7654.6921287935465,0.0,0.6036682163438775
M221,M334,45.942863920516075,14.521130202123052,31.42173371839302,0.654518900579214,48.00737410422598,617.8808438491615,1.4566126083082054e-13,1.3140469360878277
M221,M341,45.942863920516075,8.647422192587053,37.295441727929024,0.3622427653931974,102.95703680223009,8009.674257926247,0.0,1.753514239889582
M223,M231,30.44634525017208,27.839832943941627,2.606512306230453,0.8446377994983432,3.085952709881729,1174.9517813427335,0.3874694035298871,0.16293526010252976
M223,M242,30.44634525017208,64.24835194428549,-33.80200669411341,0.8842296534461376,-38.22763301635014,1633.420063468099,7.446265826160925e-13,-0.6229706148726067
M223,M261,30.44634525017208,43.005986851290935,-12.559641601118855,0.9108559955104866,-13.788833430338064,1768.8613117057587,8.881784197001252e-16,-0.2896662336724637
M223,M262,30.44634525017208,10.244760634601588,20.20158461557049,0.9434745084554407,21.411902955006642,831.0695733166101,0.0,1.3838659287400528
M223,M313,30.44634525017208,12.308713804951118,18.13763144522096,0.7335334566256374,24.726386071954717,790.4883733309576,7.027711745877241e-14,1.29601581698639
M223,M331,30.44634525017208,17.485505219136595,12.960840031035485,0.6992742435206766,18.534702444896,659.0863348035867,5.3734794391857577e-14,0.8503880906881727
M223,M332,30.44634525017208,23.630402946041382,6.815942304130697,0.7197946961894808,9.469286645502663,738.9066682699163,0.0,0.3408432897316769
M223,M333,30.44634525017208,31.09567060472517,-0.6493253545530919,0.7866810680247106,-0.8253984758823455,1034.2599452013146,0.9999999999952336,-0.027303457686973173
M223,M334,30.44634525017208,14.521130202123052,15.925215048049028,0.8815066966914114,18.065903648629863,917.9414648410492,4.571898415406395e-13,1.1251097609171385
M223,M341,30.44634525017208,8.647422192587053,21.79892305758503,0.692732911139706,31.46800549972536,634.5282627726762,2.375877272697835e-13,2.1465622031437963
M231,M242,27.839832943941627,64.24835194428549,-36.40851900034386,0.7707903412199786,-47.23530777865975,4286.359041809139,0.0,-0.6837016428975139
M231,M261,27.839832943941627,43.005986851290935,-15.166153907349308,0.8011955533088873,-18.929403495456317,4237.606284204128,0.0,-0.36007327820318286
M231,M262,27.839832943941627,10.244760634601588,17.59507230934004,0.8380929651236609,20.99417730674291,745.8103555246985,0.0,1.1621343894033893
M231,M313,27.839832943941627,12.308713804951118,15.531119138990508,0.591884280982094,26.240127737841316,1650.6109109683925,1.9984014443252818e-13,1.0843222907431322
M231,M331,27.839832943941627,17.485505219136595,10.354327724805032,0.5488534756526089,18.865376979699946,1280.2372414513607,8.094636072542016e-13,0.6766586290784455
M231,M332,27.839832943941627,23.630402946041382,4.209429997900244,0.5747695840482875,7.323682593382676,1528.9460043924907,2.3157575856913581e-10,0.21264882747218847
M231,M333,27.839832943941627,31.09567060472517,-3.255837660783545,0.6565994006036207,-4.958636358471253,2370.51373343217,0.0004149712080959711,-0.14033820120422952
M231,M334,27.839832943941627,14.521130202123052,13.318702741818575,0.7676651134422733,17.349626169797425,949.1580153290363,8.315570454442422e-14,0.8978425304329186
M231,M341,27.839832943941627,8.647422192587053,19.192410751354572,0.5404947328703827,35.50896906882004,1201.6815862705696,4.1455727739503345e-13,1.7237822657749848
M242,M261,64.24835194428549,43.005986851290935,21.242365092994554,0.8428305774792507,25.20360041578761,13170.42677954908,0.0,0.40741933053031626
M242,M262,64.24835194428549,10.244760634601588,54.0035913096839,0.8779800031218495,61.50890808180407,986.085269540387,0.0,0.9851298541242997
M242,M313,64.24835194428549,12.308713804951118,51.93963813933437,0.6471290982221117,80.26163292924176,11365.313137640145,2.922551090023262e-12,1.022961209295116
M242,M331,64.24835194428549,17.485505219136595,46.76284672514889,0.6080207277947209,76.90995485426427,11428.439364123764,0.0,1.050087926837709
M242,M332,64.24835194428549,23.630402946041382,40.6179489982441,0.631513374711189,64.31843033699798,12766.846946173398,3.3095748364075916e-12,0.8989695940006729
M242,M333,64.24835194428549,31.09567060472517,33.15268133956032,0.7068039619053553,46.90505872404778,12808.597180296001,6.231237748011154e-12,0.6757097815373798
M242,M334,64.24835194428549,14.521130202123052,49.727221742162435,0.8110233005829188,61.31417149966129,1409.4315252720914,9.979794768355532e-13,0.9087796503524185
M242,M341,64.24835194428549,8.647422192587053,55.60092975169844,0.6004861563372627,92.59319164132438,10748.870550628073,4.7944981318437385e-12,1.1078847031058396
M261,M262,43.005986851290935,10.244760634601588,32.761226216689344,0.9047902797918234,36.20864077388976,1085.3444959591452,4.39648317751562e-13,0.7438051439102233
M261,M313,43.005986851290935,12.308713804951118,30.697273046339816,0.6830612229439513,44.940734468919906,7179.899910566087,0.0,0.7840262930216965
M261,M331,43.005986851290935,17.485505219136595,25.52048163215434,0.6461313875303885,39.49735630348723,6492.000794050167,0.0,0.772277846739136
M261,M332,43.005986851290935,23.630402946041382,19.375583905249552,0.6682856477308469,28.992967260390873,7293.618781681785,0.0,0.5640466724311737
M261,M333,43.005986851290935,31.09567060472517,11.910316246565763,0.739843500403315,16.098426545712744,8716.367555591576,2.5779378631796135e-13,0.3105977025722157
M261,M334,43.005986851290935,14.521130202123052,28.48485664916788,0.8399734273251354,33.91161639467199,1546.6893870637257,2.6267876762631204e-13,0.6487627434190969
M261,M341,43.005986851290935,8.647422192587053,34.358564658703884,0.639046311683764,53.76537510744046,6180.264343743154,0.0,0.8968962214713836
M262,M313,10.244760634601588,12.308713804951118,-2.0639531703495297,0.7259876981309823,-2.8429588761119096,467.190103594115,0.5875159387883431,-0.1558406366662341
M262,M331,10.244760634601588,17.485505219136595,-7.2407445845350065,0.6913546654936097,-10.473270733430718,386.4767944673583,0.0,-0.4817343172945374
M262,M332,10.244760634601588,23.630402946041382,-13.385642311439794,0.71210337066389,-18.79733036365273,434.6357156412147,0.0,-0.669532984234396
M262,M333,10.244760634601588,31.09567060472517,-20.85090997012358,0.7796498628466921,-26.743941048090246,617.197155781247,0.0,-0.8695517399260871
M262,M334,10.244760634601588,14.521130202123052,-4.2763695675214635,0.8752376032599207,-4.885952741968175,662.2242824809167,0.0006895198671922342,-0.37387984314179634
M262,M341,10.244760634601588,8.647422192587053,1.5973384420145358,0.6847376811775867,2.332774266588472,371.8054767655597,0.9197240649427005,0.18360677803091072
M313,M331,12.308713804951118,17.485505219136595,-5.176791414185477,0.3548217262002165,-14.589837746475396,3998.7887023902504,0.0,-0.3509729042445575
M313,M332,12.308713804951118,23.630402946041382,-11.321689141090264,0.3937237539123007,-28.755412973158062,5384.449398577318,0.0,-0.6011861446290341
M313,M333,12.308713804951118,31.09567060472517,-18.786956799774053,0.5057480524142296,-37.146869296071394,5694.110673862859,0.0,-0.8786837436407112
M313,M334,12.308713804951118,14.521130202123052,-2.2124163971719337,0.6434034861920557,-3.438614251635448,573.1990760305473,0.17139974488103205,-0.16914588273464287
M313,M341,12.308713804951118,8.647422192587053,3.6612916123640655,0.34174972700556583,10.713370993576351,3325.964798724358,0.0,0.3334294085540228
M331,M332,17.485505219136595,23.630402946041382,-6.144897726904787,0.32547124305697495,-18.880002021650498,11321.423100102389,0.0,-0.3420398656267383
M331,M333,17.485505219136595,31.09567060472517,-13.610165385588576,0.4546363691820584,-29.936376207813694,5328.356787442635,0.0,-0.7026481146616435
M331,M334,17.485505219136595,14.521130202123052,2.964375017013543,0.604053955956212,4.907467268086944,450.55472983321056,0.0006859495323940923,0.19806365168933107
M331,M341,17.485505219136595,8.647422192587053,8.838083026549542,0.26020378854013126,33.9660044003796,7282.951085215894,0.0,0.6487780476462652
M332,M333,23.630402946041382,31.09567060472517,-7.465267658683789,0.4856070069450578,-15.373064127817289,6528.999284306387,0.0,-0.3379232584056631
M332,M334,23.630402946041382,14.521130202123052,9.10927274391833,0.6276950841909166,14.512257580700918,524.4529230342541,0.0,0.4572326274102703
M332,M341,23.630402946041382,8.647422192587053,14.98298075345433,0.3111686818780609,48.15067076488687,8306.941183211587,5.394573676653636e-13,0.8373246099145852
M333,M334,31.09567060472517,14.521130202123052,16.574540402602118,0.7033944958865077,23.563648137042588,807.8264873611747,3.680389326632394e-13,0.6948494466470065
M333,M341,31.09567060472517,8.647422192587053,22.44824841213812,0.44450944501520134,50.501173065896126,4787.1777342352725,5.146438830649913e-12,1.1154122083809435
M334,M341,14.521130202123052,8.647422192587053,5.873708009535999,0.5964692785307779,9.847461086351515,428.1490682343579,0.0,0.6876013287787852
