division,n_full,n_sampled,shapiro_W,shapiro_p,skew
232,14727,2000,0.9407599053083765,1.4368925902505802e-27,1.0199119684137643
231,13583,2000,0.9625467867877254,2.4524794322715842e-22,0.8158188848545903
212,12445,2000,0.9447967767622932,1.0021611800935147e-26,0.8997745252518706
M242,9371,2000,0.8930769447698997,3.593176838864103e-35,1.381693544076974
223,6441,2000,0.9553609442604792,2.8567604024604884e-24,1.0625548298612326
M332,6120,2000,0.8560311194325312,2.275319660343402e-39,1.6416927943889756
221,6101,2000,0.9594383573087564,3.3251687280409694e-23,0.7060010676322809
M331,5997,2000,0.8855626545143752,4.15651473405908e-36,1.3353244540316676
M221,5882,2000,0.9801657032101665,4.748144834321503e-16,0.549509498971146
M261,5403,2000,0.818109783892675,7.65238138720762e-43,2.0798899493668395
222,4780,2000,0.8867414386759153,5.7858769586662973e-36,1.2828464407633802
211,4132,2000,0.9655670932684114,1.9301002545784417e-21,0.7043034591827082
M211,3887,2000,0.9812397896936682,1.4919598100231382e-15,0.5611288140781664
M333,3645,2000,0.9042375954819555,1.1181960459196351e-33,1.2183780113746199
313,3172,2000,0.6772264782497177,5.202556484988162e-52,3.176298277480319
251,2252,2000,0.908409377936159,4.386770900559752e-33,1.1806939333717121
M341,2240,2000,0.7954023011761414,1.1978525304024079e-44,2.4766593526618736
341,2060,2000,0.64614657169511,1.449448055164015e-53,3.7138712765051145
M313,2060,2000,0.7827899598363298,1.3981340478824104e-45,2.003629561867191
234,1473,1473,0.9128968672756603,2.907319389390138e-28,1.3610640802581833
331,1339,1339,0.735780863279197,9.704893151116369e-42,2.741255455359517
255,1316,1316,0.9234901711698704,2.515924298991278e-25,1.0421992260213222
342,1111,1111,0.6998212089700171,1.5340322913463926e-40,2.614959262405907
M231,979,979,0.9751467654863338,6.829360121918718e-12,0.5790729145266261
321,774,774,0.4282884614210198,5.947603551157706e-44,7.409564070414898
242,566,566,0.8834495199126032,3.1613461966658874e-20,1.4605765648469156
M223,561,561,0.9864842491584167,4.61465430183124e-05,0.37710271015495306
332,551,551,0.7568372904345252,1.0564805849041507e-27,2.8714694273287886
263,434,434,0.789932389481087,2.929203519770059e-23,3.3381841541493236
322,400,400,0.7364179540829605,1.0470088350922967e-24,2.609930072236904
M334,362,362,0.8976832309892201,7.086503362154015e-15,1.398303052932655
M262,328,328,0.7680068935155725,3.2464555420543276e-21,1.8642147533140845
315,300,300,0.6979100397987681,7.173751080889383e-23,2.9652322889495966
261,172,172,0.7354866924477247,2.9121555941678235e-16,1.7440973816908338
411,138,138,0.8539250400717328,2.2788772147366598e-10,1.3204025414517775
