division,n,mean,median,sd,cv,skew,p25,p75,weighted_mean,se,ci_lo,ci_hi,division_name,domain_name,included_in_tests,weighted_vs_unweighted_pct
263,434.0,76.81826131846935,66.02724642253986,63.281901526152296,0.823787214654616,3.3381841541493236,32.77122899844643,103.40856910545492,75.43612842152716,3.037628478921951,70.86450949978233,82.77201313715638,Mediterranean,Humid Temperate,True,-1.7992243943301678
M242,9371.0,64.24835194428549,48.51403592117019,55.717652721997794,0.8672230654307632,1.381693544076974,21.703067259534883,92.69028946084178,58.365697213607014,0.5755722447313125,63.12023034461212,65.37647354395887,Marine,Humid Temperate,True,-9.156117709882672
242,566.0,51.53915996591037,42.321011927023285,43.3615593347416,0.8413322872049585,1.4605765648469156,19.050205459492474,70.96568728145684,46.13450679973096,1.8226222847390554,47.966820287821825,55.11149964399892,Marine,Humid Temperate,True,-10.48649836309754
M221,5882.0,45.94286392051608,44.29866310725696,24.484507809644448,0.5329338600223991,0.549509498971146,28.783045719408847,60.937228680345456,43.52554925357473,0.3192485020044005,45.31713685658746,46.568590984444704,Hot Continental,Humid Temperate,True,-5.261567217758678
M261,5403.0,43.00598685129093,29.337605489354328,45.256702226705606,1.052334931487501,2.0798899493668395,9.689289634445545,60.52452316633911,39.04741590397476,0.6156947079754425,41.79922522365906,44.2127484789228,Mediterranean,Humid Temperate,True,-9.204697385516091
261,172.0,40.88984421588092,20.470110794437243,51.453716756915526,1.2583495423768765,1.7440973816908338,7.525451601833343,48.41469177417147,40.82349527057146,3.923309121864201,33.200158337027084,48.57953009473476,Mediterranean,Humid Temperate,True,-0.16226265123232553
221,6101.0,37.7485606911521,35.195995578739776,24.31982297472458,0.6442582850695262,0.7060010676322809,18.667289298159726,52.871158256442,37.84963158432963,0.3113579053264914,37.138299196712175,38.358822185592025,Hot Continental,Humid Temperate,True,0.26774767389003973
M211,3887.0,35.25336215196627,34.04472262437302,18.502697818701392,0.5248491686818982,0.5611288140781664,21.857424919772843,46.081036489075984,34.877837913500734,0.2967753226262797,34.67168251961876,35.83504178431378,Warm Continental,Humid Temperate,True,-1.0652153881004822
211,4132.0,34.98984340242113,32.799989262946326,21.487736767969768,0.6141135449175208,0.7043034591827082,18.57039072262076,47.9576589710549,34.69698290246057,0.3342800963553639,34.334654413564614,35.645032391277645,Warm Continental,Humid Temperate,True,-0.8369871696547682
231,13583.0,33.04812077342854,30.623904754189603,21.845476591379494,0.661020235950716,0.8158188848545903,16.352064063675954,45.934472898569695,32.42849736467693,0.18744060336876614,32.68073719082576,33.41550435603133,Subtropical,Humid Temperate,True,-1.8749126856550502
223,6441.0,32.128088732959206,29.604496864481288,20.310854585816212,0.6321837179495816,1.0625548298612326,17.284049572671034,43.28741161657795,31.286787019191124,0.2530763413078315,31.632059103995857,32.624118361922555,Hot Continental,Humid Temperate,True,-2.618586249436672
M333,3645.0,31.09567060472517,25.95280530072604,24.76714221303975,0.7964820095977039,1.2183780113746199,11.889979897015644,44.457850275377496,30.02995580240002,0.4102297303463812,30.291620333246264,31.89972087620408,Temperate Desert,Dry,True,-3.42721279715128
M223,561.0,30.44634525017208,29.433600846208517,15.898887838558128,0.5221936395951586,0.37710271015495306,18.85692423270712,40.48679207121348,30.357421423757202,0.6712515706711115,29.1306921716567,31.761998328687458,Hot Continental,Humid Temperate,True,-0.2920673259276474
234,1473.0,29.40484775746719,24.64956672741281,22.251946220735793,0.7567441397510735,1.3610640802581833,12.617982038567384,42.8181841139723,29.319696869231276,0.5797845367344084,28.26847006546775,30.541225449466634,Subtropical,Humid Temperate,True,-0.28958112260347724
232,14727.0,28.186295675968132,24.64408070475771,21.105665879131326,0.7487917575889971,1.0199119684137643,11.580320845816578,40.10945492675668,27.591251108480215,0.17391695186289144,27.845418450316867,28.527172901619398,Subtropical,Humid Temperate,True,-2.111113054118907
M231,979.0,27.839832943941627,26.602410345925687,16.041035504215337,0.5761900775954948,0.5790729145266261,15.92731049373663,37.41501763383901,27.70230277623023,0.512673718082924,26.834992456499094,28.84467343138416,Subtropical,Humid Temperate,True,-0.4940050035082022
212,12445.0,26.13844569601183,23.356619786400373,18.481249654645154,0.707052357648986,0.8997745252518706,11.642597585989911,37.03678930800253,26.050718156787354,0.16566618956137788,25.813739964471527,26.46315142755213,Warm Continental,Humid Temperate,True,-0.3356264570768208
222,4780.0,25.526058382490383,20.666704316192217,21.072789358552292,0.8255402789882823,1.2828464407633802,8.984011761381945,36.484872628925444,27.45406000463761,0.3047951679811679,24.928659853247293,26.123456911733474,Hot Continental,Humid Temperate,True,7.553072210591449
M332,6120.0,23.630402946041382,19.16662503675075,20.328735554099836,0.8602788365699601,1.6416927943889756,8.642712526337883,32.91028008275614,21.87636767919599,0.25985714062552207,23.12108295041536,24.139722941667404,Temperate Desert,Dry,True,-7.422790338576224
251,2252.0,22.125145521535217,18.272106609834964,17.53600346174749,0.7925825140756274,1.1806939333717121,8.259627813754026,32.02739021244059,22.794945357217404,0.3695272154671144,21.40087217921967,22.84941886385076,Prairie,Humid Temperate,True,3.027323978638896
411,138.0,19.80348281056485,13.768624036088797,18.69405467350117,0.9439781301260899,1.3204025414517775,5.5513756521737925,29.373463041182028,19.663800473797544,1.5913436127178977,16.684449329637772,22.92251629149193,Savannah,Humid Tropical,True,-0.7053422779390583
M331,5997.0,17.485505219136595,13.742324078397957,15.176282869935946,0.8679350513319241,1.3353244540316676,5.648435361897654,25.40266612476696,17.290124390389046,0.19597396899328243,17.10139623990976,17.86961419836343,Temperate Desert,Dry,True,-1.1173873805700452
255,1316.0,15.490060546332389,12.964023793116315,12.029577872217553,0.7765997967687621,1.0421992260213222,5.92783343637354,22.719982627570918,15.567088914014608,0.3316060482926161,14.840112691678861,16.140008400985916,Prairie,Humid Temperate,True,0.4972760916706509
M334,362.0,14.521130202123052,12.061762087154438,10.871250592106676,0.7486504453019265,1.398303052932655,5.89437035641677,19.646944567950786,14.612524040021205,0.5713802457062805,13.401224920538741,15.641035483707363,Temperate Desert,Dry,True,0.6293851554666885
M313,2060.0,12.308713804951118,7.238883348683478,13.425158523201356,1.0907036052622454,2.003629561867191,3.211849100373372,16.60769269181271,11.619113424877986,0.29579158348526646,11.728962301319996,12.88846530858224,Tropical/Subtropical Steppe,Dry,True,-5.602538096187959
332,551.0,11.791258896129303,8.349190213223418,12.87769391291042,1.0921390180939679,2.8714694273287886,2.9284247046384477,15.833324635063203,12.01873062205326,0.5486082052079005,10.715986813921818,12.866530978336788,Temperate Steppe,Dry,True,1.9291555543626382
M262,328.0,10.244760634601588,5.422493542334279,12.00739257492611,1.1720520374454868,1.8642147533140845,1.9909474117042667,12.781781379070921,10.22141636223015,0.6629973431144357,8.945285842097295,11.544235427105882,Mediterranean,Humid Temperate,True,-0.2278654739144792
331,1339.0,8.977173426564963,5.357192416316067,10.454366159068213,1.164549871358393,2.741255455359517,2.2124234554056565,11.767747944728512,8.773112293839818,0.28569814361756063,8.417205065074544,9.537141788055383,Temperate Steppe,Dry,True,-2.273111179085552
M341,2240.0,8.647422192587053,6.652282071678988,8.101387640815144,0.9368558005367202,2.4766593526618736,3.24279113335686,11.388055989798811,8.64738489800095,0.17117305584599846,8.311923003128896,8.982921382045209,Temperate Desert,Dry,True,-0.0004312798111527627
342,1111.0,8.413156611088002,4.493102942801047,10.670247475332395,1.268281094550135,2.614959262405907,1.941344289654762,9.813854908765064,8.360014125914534,0.32012343083168776,7.785714686657895,9.04059853551811,Temperate Desert,Dry,True,-0.631659288303632
313,3172.0,8.358817891230656,5.598815794035639,9.591592474945525,1.1474819286358888,3.176298277480319,2.604806922910485,10.204277350465826,8.21976969286123,0.17030371783047663,8.025022604282922,8.692613178178389,Tropical/Subtropical Steppe,Dry,True,-1.6634911799586316
341,2060.0,7.144211455692418,4.995289920598456,8.34903007848302,1.1686426319073489,3.7138712765051145,2.3965790144577426,9.051223332311048,7.261690499486584,0.1839511111330787,6.783667277871584,7.504755633513253,Temperate Desert,Dry,True,1.644394829614959
322,400.0,4.720499690432479,3.150503609077962,4.997524637221928,1.0586855131779636,2.609930072236904,1.5650035781009177,5.91885341916548,4.551299095994727,0.2498762318610964,4.23074227598473,5.210257104880228,Tropical/Subtropical Desert,Dry,True,-3.5843788906646634
315,300.0,2.778527126285602,1.7378109141769915,3.5462821093608006,1.2763172530554168,2.9652322889495966,0.5221964959555695,3.713617509284793,2.7016723716093605,0.20474469304618118,2.3772275279150867,3.179826724656117,Tropical/Subtropical Steppe,Dry,True,-2.766024990333016
321,774.0,2.770778830301773,0.9939754743307804,5.831636764789301,2.1046922623391637,7.409564070414898,0.2625846020399896,3.002732742734305,2.5645201878750514,0.20961385488745266,2.359935674722366,3.18162198588118,Tropical/Subtropical Steppe,Dry,True,-7.444067356478879
