division,FIA modeled (HTCD 4),crew estimate (HTCD 2/3),measured (HTCD 1),missing/other,total,measured_pct,crew estimate_pct,FIA modeled_pct,missing/other_pct,division_name
261,45500445550.48412,11223655939.752787,40508713252.249916,0.0,97232814742.48682,41.66156596364503,11.54307418691696,46.795359849438015,0.0,Mediterranean
263,196724339400.11996,36112970843.04303,209048873638.43124,0.0,441886183881.59424,47.308307266390344,8.17245982343718,44.51923291017248,0.0,Mediterranean
M261,906043353806.9009,156074817754.0262,1257626505961.9204,0.0,2319744677522.8477,54.21400545274163,6.728103280775347,39.05789126648302,0.0,Mediterranean
242,110846040535.59831,20098016324.829323,182990664044.21152,0.0,313934720904.63916,58.289399629611786,6.40197308119171,35.30862728919651,0.0,Marine
M242,1095511716997.276,293536842235.0677,2161068364408.9026,0.0,3550116923641.246,60.87316026178543,8.268371114210964,30.858468624003606,0.0,Marine
M262,13490644764.852995,6221775758.901044,25168622979.79885,0.0,44881043503.55289,56.07851559379729,13.862814393806405,30.058670012396313,0.0,Mediterranean
342,17079617026.690685,4325210422.494974,86528505143.68489,0.0,107933332592.87054,80.16847350583936,4.0072981335709015,15.824228360589755,0.0,Temperate Desert
262,560562425.8451852,896838220.7121432,2280630557.335922,0.0,3738031203.89325,61.01154412409906,23.99226148187486,14.99619439402608,0.0,Mediterranean
M332,85807245622.10933,28547194787.414227,1131117708329.2102,0.0,1245472148738.734,90.8183863825997,2.292078134089424,6.889535483310864,0.0,Temperate Desert
M333,67190088771.82838,31600473383.01844,1100891316933.8005,0.0,1199681879088.6475,91.76527012061777,2.6340710761609665,5.600658803221244,0.0,Temperate Desert
341,7597773354.446079,3373076717.7774467,172118052098.27808,0.0,183088902170.5016,94.00791094262672,1.8423163161665956,4.149772741206701,0.0,Temperate Desert
255,1573368102.6123924,6085475719.876499,254760259217.82196,0.0,262419103040.31085,97.08144577366672,2.318991128836262,0.5995630974970232,0.0,Prairie
315,69332192.47645377,61025204.36443748,13693814345.414225,0.0,13824171742.255116,99.05703286047554,0.44143841310873744,0.5015287264157188,0.0,Tropical/Subtropical Steppe
332,306551151.5555689,12650952475.41316,74386927988.95312,0.0,87344431615.92186,85.16504900513115,14.483982826796527,0.35096816807230585,0.0,Temperate Steppe
322,76406056.63334781,424919247.9510945,24892938939.256126,0.0,25394264243.84057,98.02583252749275,1.6732882822315263,0.30087919027573423,0.0,Tropical/Subtropical Desert
223,4993407499.774204,59570337981.99513,2385177123386.711,0.0,2449740868868.4805,97.36446632775527,2.4316995621463544,0.20383411009837243,0.0,Hot Continental
231,9482629938.248367,40656983382.62131,5194248796095.569,0.0,5244388409416.439,99.04393783590012,0.7752473731659655,0.18081479093390665,0.0,Subtropical
411,88789762.20223872,1476132495.6644256,48330688156.87585,0.0,49895610414.74251,96.86360734970731,2.9584416011639316,0.17795104912877122,0.0,Savannah
331,294797696.8922001,6821124022.044575,160880468416.82687,0.0,167996390135.76364,95.76424129519322,4.060280114669244,0.17547859013754047,0.0,Temperate Steppe
232,5900979355.70293,114430535318.93474,4600784651487.793,0.0,4721116166162.431,97.45120623091023,2.423802577430537,0.12499119165922906,0.0,Subtropical
M221,2567072453.5452504,129366351093.58482,2701464888650.4243,0.0,2833398312197.554,95.34363301555003,4.565766505071771,0.09060047937821548,0.0,Hot Continental
234,470104845.63361055,7832421259.120953,529949473134.2243,0.0,538251999238.9789,98.45750204058818,1.4551587862553261,0.08733917315649177,0.0,Subtropical
221,2244298742.4319572,226897430768.56955,2836724984006.61,0.0,3065866713517.6113,92.52603746598963,7.400759784114671,0.07320274989570467,0.0,Hot Continental
251,194796649.16671872,54231350717.82383,617681135605.9222,0.0,672107282972.9128,91.90216372507541,8.06885330537468,0.02898296954990285,0.0,Prairie
M231,85080728.66492847,2134982945.988796,330379827184.9601,0.0,332599890859.61383,99.33251220590725,0.6419072900086865,0.025580504084061758,0.0,Subtropical
M223,39477060.507376045,3389912507.6236086,204109967626.23022,0.0,207539357194.3612,98.3475955527224,1.6333829657422256,0.019021481535382065,0.0,Hot Continental
211,0.0,262577015071.5424,1573475575427.1294,0.0,1836052590498.6719,85.6988293020394,14.301170697960588,0.0,0.0,Warm Continental
212,0.0,572348988375.4506,1842799779700.2107,0.0,2415148768075.661,76.30170878328602,23.69829121671399,0.0,0.0,Warm Continental
222,0.0,94533094000.66977,1158389689812.1267,0.0,1252922783812.7964,92.4549944160969,7.545005583903109,0.0,0.0,Hot Continental
313,0.0,6669658918.704333,323518283039.44196,0.0,330187941958.1463,97.98004164563048,2.0199583543695128,0.0,0.0,Tropical/Subtropical Steppe
321,0.0,1454230332.8341014,24195043335.227936,0.0,25649273668.06204,94.3303254834663,5.669674516533698,0.0,0.0,Tropical/Subtropical Steppe
M211,0.0,247587880046.59418,1304240259220.4128,0.0,1551828139267.007,84.04540594530395,15.954594054696045,0.0,0.0,Warm Continental
M331,0.0,38972683530.23497,1267927904075.296,0.0,1306900587605.5308,97.01793052204226,2.9820694779577464,0.0,0.0,Temperate Desert
M313,0.0,6283202324.343448,304334417030.2701,0.0,310617619354.6135,97.97719062511702,2.0228093748829785,0.0,0.0,Tropical/Subtropical Steppe
M334,0.0,2252866475.109247,56700309525.84348,0.0,58953176000.95273,96.17854943884137,3.8214505611586373,0.0,0.0,Temperate Desert
M341,0.0,3862763545.1347957,232863523244.65063,0.0,236726286789.78543,98.36825745145703,1.6317425485429744,0.0,0.0,Temperate Desert
