statecd,n,mean,sd,cv,name
1,4142.0,29.864973469006763,19.6694894453307,0.6586139936050263,Alabama
4,3133.0,9.54425108582145,12.151543449653378,1.273179355864308,Arizona
5,3474.0,29.51550881596568,18.820980076460163,0.6376640902182049,Arkansas
6,5050.0,39.85182627930742,44.74475017402245,1.1227779088572316,California
8,3768.0,15.281844607933888,14.574377820777608,0.9537054062970263,Colorado
9,305.0,41.19209771683081,23.82804555151167,0.5784615708409454,Connecticut
10,114.0,39.6784080843882,25.925807969827105,0.6533983902450923,Delaware
12,3008.0,23.778291923959184,20.79713992239758,0.8746271594656565,Florida
13,4624.0,31.80777976377845,22.942446503880948,0.7212841221318748,Georgia
16,3472.0,26.059345621380313,25.348233915820668,0.9727118356734094,Idaho
17,1040.0,30.788118727098354,21.784022924951195,0.7075464115895412,Illinois
18,926.0,39.49008844238952,27.240341698021584,0.6898019926635872,Indiana
19,599.0,23.209192636980667,18.33941671966698,0.7901790039195776,Iowa
20,559.0,16.48540349697772,14.94137791519361,0.9063398368097464,Kansas
21,2373.0,34.72877803062131,21.738116167978873,0.6259395636901415,Kentucky
22,2509.0,27.99187623747166,19.06288809905017,0.68101501797623,Louisiana
23,3047.0,26.862464366185552,14.747632692675312,0.5490052026365689,Maine
24,404.0,42.45077889839744,26.494581251062932,0.6241247378399253,Maryland
25,524.0,41.62712419059095,23.764481060445384,0.5708893305153401,Massachusetts
26,4043.0,32.181290676306766,21.695024211781014,0.6741502206980721,Michigan
27,6044.0,20.079029563439793,14.958066459404277,0.7449596312483227,Minnesota
28,3821.0,34.35691493368062,22.87238578444687,0.6657287427755835,Mississippi
29,3082.0,28.12197328757848,16.23234389451576,0.5772121226530577,Missouri
30,4107.0,20.27949814667613,18.36687917912338,0.9056870661335259,Montana
31,288.0,14.4549957558975,13.119384338286071,0.9076020885674414,Nebraska
32,1838.0,6.606583800262993,6.166701624240306,0.9334176044198249,Nevada
33,1036.0,39.609348265937506,18.97259357593738,0.47899282382924413,New Hampshire
34,657.0,33.56046929858701,22.04435652674946,0.6568548350924757,New Jersey
35,3430.0,9.219833658394787,11.148634130714504,1.2092012224714614,New Mexico
36,2883.0,36.657747753008735,22.812310334665078,0.6223052896857998,New York
37,3452.0,35.10283945902979,24.53788949613941,0.699028622022978,North Carolina
38,184.0,11.135757421565613,10.351096486807975,0.9295368150496836,North Dakota
39,1383.0,35.065067032836915,24.861929478230536,0.7090227278033838,Ohio
40,2186.0,16.83708753505162,13.558536790881082,0.8052780365163976,Oklahoma
41,10196.0,51.657367591413596,52.009196147717695,1.0068108107847635,Oregon
42,2867.0,38.0851118858322,23.310890411525108,0.6120735704126117,Pennsylvania
44,127.0,35.57672133364934,23.842019398715394,0.670157858986433,Rhode Island
45,2573.0,32.33344504284971,22.148624809810368,0.6850066480839896,South Carolina
46,415.0,12.340190675470545,10.18689275227462,0.8255052956777901,South Dakota
47,2830.0,38.58426190362113,23.603521246107213,0.6117396078501122,Tennessee
48,1998.0,29.4695943257117,20.457755694277232,0.6941987551022445,Texas
49,2987.0,9.37509373893989,9.961106314934057,1.0625073831059562,Utah
50,910.0,39.05489688875465,19.241589358185823,0.49268058274470033,Vermont
51,3239.0,40.77208967630647,23.89231975993523,0.5859969393185055,Virginia
53,5587.0,52.51341830448187,48.385505872097866,0.9213931873859429,Washington
54,2004.0,46.680851362557576,25.59676119476951,0.5483353548110418,West Virginia
55,6116.0,26.8395642127532,18.586635879512972,0.6925088549195322,Wisconsin
56,1769.0,15.622958755210034,14.455188319495466,0.9252529271815985,Wyoming
